spread,home spread odds,away spread odds,home team win odds,draw odds,away team win odds,date,team1,team2,team1Home,team1 final score,team 2 final score,label,Home goals,Away goals,Home Expected goals (xG),Away Expected goals (xG),Home Total shots,Away Total shots,Home Shots on target,Away Shots on target,Home Ball possession,Away Ball possession,Home Big chances,Away Big chances,Home Touches in opposition box,Away Touches in opposition box,Home goals against,Away goals against,Home Expected goals (xG) against,Away Expected goals (xG) against,Home Total shots against,Away Total shots against,Home Shots on target against,Away Shots on target against,Home Ball possession against,Away Ball possession against,Home Big chances against,Away Big chances against,Home Touches in opposition box against,Away Touches in opposition box against,Home Points Earned,Away Points Earned,Home Total shots average/goals average,Away Total shots average/goals average,Home Shots on target average/goals average,Away Shots on target average/goals average,Home Total shots against average/goals against average,Away Total shots against average/goals against average,Home Shots on target against average/goals against average,Away Shots on target against average/goals against average
-1,1.82,2.08,1.53,4.5,5.5,2020-09-19T19:00:00.000Z,9825,8654,True,2,1,2,0.0,1.09,15.0,3.0,58.0,0.0,0.0,2.0,1.57,15.0,2.0,42.0,1.0,0.0,0.0,0.0,0.0,0.133,1.0,3.0,1.97,13.0,6.0,54.0,3.0,26.0,0.0,0.15,5.0,2.0,46.0,0.0,3.0,3.0,0.231,0.5,0.0,0.0
-1,1.82,2.08,1.53,4.5,5.5,2020-09-19T19:00:00.000Z,9825,8654,True,2,1,2,0.0,1.09,15.0,3.0,58.0,0.0,0.0,2.0,1.57,15.0,2.0,42.0,1.0,0.0,0.0,0.0,0.0,0.133,1.0,3.0,1.97,13.0,6.0,54.0,3.0,26.0,0.0,0.15,5.0,2.0,46.0,0.0,3.0,3.0,0.231,0.5,0.0,0.0
-1.25,2.07,1.83,1.45,4.75,6.5,2020-09-28T19:00:00.000Z,9825,8650,False,1,3,0,2.5,1.54,10.0,4.5,58.5,2.5,13.0,0.5,1.115,9.5,2.5,41.5,1.5,1.5,3.0,0.25,0.556,0.053,0.2,3.0,2.44,20.0,6.0,55.0,3.0,0.0,1.5,0.625,5.5,3.0,45.0,0.5,0.0,3.0,0.15,0.5,0.273,0.5
-1,1.83,2.1,1.57,4,6,2020-10-04T13:00:00.000Z,9825,8657,True,2,1,2,0.0,1.123,9.0,2.333,39.667,1.333,10.333,1.333,1.193,15.333,5.0,60.333,1.667,7.333,0.0,0.0,0.0,0.087,0.267,2.0,1.447,8.0,4.0,50.333,2.667,17.333,1.333,1.647,13.333,4.333,49.667,2.333,2.0,2.0,0.25,0.5,0.1,0.308
-0.75,2.08,1.85,1.5,4,7.5,2020-10-04T13:00:00.000Z,9879,8602,False,0,1,0,1.0,0.87,11.667,3.667,53.667,1.0,11.333,3.333,1.587,11.667,6.0,46.333,2.667,17.333,0.0,0.086,0.273,0.286,0.555,1.0,0.807,10.667,2.333,47.667,1.333,6.333,2.333,1.767,12.667,6.0,52.333,2.333,6.667,1.0,0.094,0.429,0.184,0.389
-1,1.86,2.04,1.44,5,6.5,2020-10-17T16:30:00.000Z,9825,8456,False,0,1,0,2.0,1.225,7.5,4.25,53.75,2.25,16.5,1.25,1.282,11.5,3.75,46.25,1.75,5.25,2.25,0.267,0.471,0.109,0.333,2.0,1.327,17.667,5.333,61.667,1.667,22.333,2.333,1.947,9.667,5.0,38.333,3.333,12.0,1.333,0.113,0.375,0.241,0.467
-0.5,1.99,1.94,1.9,3.75,3.8,2020-10-25T19:15:00.000Z,9825,8197,True,0,1,0,2.4,1.616,9.8,5.0,56.0,2.0,11.6,1.6,1.084,12.6,4.2,44.0,1.6,14.6,1.8,0.245,0.48,0.127,0.381,1.6,1.16,8.2,4.0,51.4,2.0,16.0,1.2,1.286,11.8,4.0,48.6,2.0,9.8,1.8,0.195,0.4,0.102,0.3
-0.5,2,1.9,2,3.6,3.6,2020-11-01T16:30:00.000Z,9825,10260,False,1,0,2,1.0,0.91,8.0,3.6,51.8,1.4,15.2,1.4,1.398,12.0,4.0,48.2,2.4,10.6,1.2,0.125,0.278,0.117,0.35,1.8,1.336,14.2,5.4,55.0,1.4,19.0,2.4,1.758,13.4,4.6,45.0,3.0,16.0,1.4,0.127,0.333,0.179,0.522
-0.75,1.85,2.08,1.65,4.1,5,2020-11-08T19:15:00.000Z,9825,10252,True,0,3,0,2.8,1.652,14.2,6.8,42.4,3.6,31.6,1.8,1.318,15.4,5.8,57.6,1.6,31.0,1.8,0.197,0.412,0.117,0.31,0.8,0.896,8.0,3.4,48.6,1.2,18.2,1.2,1.062,10.8,3.8,51.4,1.8,15.6,1.2,0.1,0.235,0.111,0.316
-1,-1,-1,-1,-1,-1,2020-11-22T16:30:00.000Z,9825,8463,False,0,0,1,0.6,0.938,9.8,3.2,53.6,1.0,18.2,1.2,0.882,9.6,3.4,46.4,1.4,21.6,1.2,0.061,0.187,0.125,0.353,1.2,1.844,14.4,5.0,62.4,2.6,30.0,2.0,1.366,12.4,4.6,37.6,2.2,27.4,0.8,0.083,0.24,0.161,0.435
-0.25,1.81,2.09,2.05,3.4,3.75,2020-11-29T19:15:00.000Z,9825,8602,True,1,2,0,1.0,0.958,13.2,4.4,47.0,1.2,21.4,0.6,0.992,9.2,2.2,53.0,1.2,18.6,1.6,0.076,0.227,0.065,0.273,0.2,0.996,10.4,2.6,47.6,1.0,18.2,1.0,1.208,13.4,3.8,52.4,1.8,25.8,0.8,0.019,0.077,0.075,0.263
-0.25,1.95,1.98,1.95,3.6,3.8,2020-12-06T16:30:00.000Z,9825,8586,False,0,2,0,0.4,1.122,10.8,2.4,50.4,1.2,22.8,1.2,1.304,13.0,3.8,49.6,1.8,24.8,0.8,0.037,0.167,0.092,0.316,1.2,1.03,9.2,2.8,47.6,1.8,17.2,0.2,0.884,13.2,3.2,52.4,0.8,25.0,2.6,0.13,0.429,0.015,0.062
-1.25,2.07,1.86,1.53,4.2,6.25,2020-12-13T19:15:00.000Z,9825,8191,True,0,1,0,0.4,0.738,7.2,1.8,39.0,1.2,12.4,1.8,1.6,16.0,5.8,61.0,2.4,32.0,1.0,0.056,0.222,0.113,0.31,0.4,1.102,10.6,2.0,53.2,1.2,25.6,1.4,1.216,12.8,4.0,46.8,1.4,24.4,0.8,0.038,0.2,0.109,0.35
-0.5,2.1,1.83,2,3.5,3.8,2020-12-13T19:15:00.000Z,10204,8197,False,0,3,0,1.0,1.484,11.0,3.0,49.8,2.2,28.6,1.2,1.112,8.8,2.6,50.2,1.8,18.2,1.0,0.091,0.333,0.136,0.462,1.6,1.798,12.0,4.4,52.8,2.8,20.8,1.4,1.742,11.4,5.0,47.2,3.0,21.0,1.8,0.133,0.364,0.123,0.28
-0.25,1.87,2.06,2.25,3.5,3.1,2020-12-16T18:00:00.000Z,9825,8466,True,1,1,1,2.0,1.122,11.6,4.8,57.2,1.6,20.4,1.0,1.248,10.8,4.2,42.8,2.2,19.2,2.0,0.172,0.417,0.093,0.238,0.2,1.22,12.8,2.8,56.8,1.6,30.4,1.6,1.43,13.2,4.0,43.2,1.6,22.6,0.2,0.016,0.071,0.121,0.4
-0.25,1.86,2.07,2.15,3.6,3.25,2020-12-16T18:00:00.000Z,8668,8197,False,2,0,2,1.2,1.448,10.6,5.2,46.0,2.2,22.0,1.4,1.628,13.6,4.6,54.0,2.8,24.0,1.4,0.113,0.231,0.103,0.304,1.4,1.538,13.0,4.0,57.2,2.2,22.0,1.2,1.494,11.6,5.0,42.8,2.6,18.2,1.8,0.108,0.35,0.103,0.24
-1,-1,-1,-1,-1,-1,2020-12-16T18:00:00.000Z,8463,10261,True,5,2,2,1.2,1.148,9.8,4.2,38.8,1.4,12.6,1.2,0.98,13.8,4.2,61.2,1.2,22.4,1.8,0.122,0.286,0.087,0.286,0.8,1.646,15.6,4.6,61.4,2.0,26.6,1.8,1.698,15.2,7.0,38.6,3.2,24.6,0.8,0.051,0.174,0.118,0.257
0,1.98,1.95,2.45,3.5,2.8,2020-12-19T17:30:00.000Z,9825,8668,False,1,2,0,0.4,1.046,12.0,3.2,52.0,1.4,28.2,1.2,1.304,12.8,3.4,48.0,1.6,20.6,0.4,0.033,0.125,0.094,0.353,1.4,1.65,11.4,6.2,42.8,2.6,20.8,0.8,1.49,13.8,4.0,57.2,2.2,24.0,2.0,0.123,0.226,0.058,0.2
0.75,1.93,2,4,3.6,1.9,2020-12-26T17:30:00.000Z,9825,8455,True,3,1,2,1.4,1.764,14.0,5.4,57.4,3.2,26.4,0.8,0.622,8.0,2.4,42.6,0.4,18.0,1.4,0.1,0.259,0.1,0.333,0.6,1.152,12.8,3.2,56.8,1.4,33.2,1.6,1.068,9.6,3.0,43.2,1.4,16.0,0.2,0.047,0.187,0.167,0.533
0.5,1.77,2.02,3.25,3.5,2.2,2020-12-29T18:00:00.000Z,9825,10204,False,1,0,2,1.0,1.258,13.2,4.2,53.4,1.6,30.6,1.4,1.232,11.2,2.6,46.6,1.4,18.8,0.8,0.076,0.238,0.125,0.538,0.8,1.47,13.4,4.2,55.6,2.4,23.4,1.6,1.156,10.0,4.0,44.4,1.8,20.2,0.6,0.06,0.19,0.16,0.4
-0.25,2.06,1.87,2.37,3.1,3.25,2020-12-29T18:00:00.000Z,8191,8657,True,1,0,2,0.8,0.786,6.8,2.4,34.4,0.6,15.8,2.0,1.784,14.4,5.4,65.6,3.0,25.4,0.2,0.118,0.333,0.139,0.37,0.8,1.172,9.6,3.8,40.4,1.2,20.2,0.6,1.788,16.8,5.2,59.6,2.4,28.6,1.6,0.083,0.211,0.036,0.115
-1,-1,-1,-1,-1,-1,2020-12-29T18:00:00.000Z,8463,8659,False,5,0,2,2.0,1.752,14.8,5.6,59.2,2.2,26.8,2.6,2.466,18.4,8.6,40.8,4.2,31.0,1.2,0.135,0.357,0.141,0.302,0.8,0.474,6.6,2.4,36.6,0.6,9.8,2.4,1.72,18.4,6.6,63.4,2.2,37.2,0.4,0.121,0.333,0.13,0.364
-0.5,2.04,1.89,2.1,3.6,3.4,2020-12-29T18:00:00.000Z,8466,8654,True,0,0,1,1.2,1.11,12.8,4.0,43.4,2.2,25.4,2.0,1.516,12.0,5.2,56.6,2.8,21.8,1.0,0.094,0.3,0.167,0.385,1.2,1.096,10.2,3.4,57.2,2.0,20.0,0.6,0.896,9.0,2.8,42.8,1.2,18.0,1.6,0.118,0.353,0.067,0.214
1,1.83,2.07,5.75,4,1.57,2021-01-02T20:00:00.000Z,9825,8659,False,4,0,2,1.2,1.356,13.2,4.4,49.4,1.8,26.6,1.0,1.356,12.8,2.4,50.6,1.4,22.4,1.4,0.091,0.273,0.078,0.417,0.6,0.436,5.6,1.8,31.4,0.8,8.2,2.4,1.632,17.6,6.4,68.6,2.4,36.0,0.4,0.107,0.333,0.136,0.375
-0.75,1.96,1.97,1.53,4,6.5,2021-01-14T20:00:00.000Z,9825,9826,True,0,0,1,0.8,0.672,7.8,3.2,44.2,0.8,17.0,2.4,1.928,13.4,4.8,55.8,3.0,19.4,1.0,0.103,0.25,0.179,0.5,2.0,1.77,13.8,5.6,48.8,2.2,25.8,0.8,1.252,12.2,2.6,51.2,1.6,21.6,2.0,0.145,0.357,0.066,0.308
-1.25,2,1.9,1.4,4.5,8,2021-01-18T20:00:00.000Z,9825,10261,True,3,0,2,0.4,0.656,8.4,2.8,35.8,0.6,12.0,1.2,1.618,11.8,4.2,64.2,3.0,30.2,0.4,0.048,0.143,0.102,0.286,1.8,1.74,14.2,5.6,55.2,2.0,27.6,0.6,1.178,12.0,2.4,44.8,1.2,21.2,2.0,0.127,0.321,0.05,0.25
0.5,1.85,2.08,3.5,3.6,2.05,2021-01-26T20:15:00.000Z,9825,8466,False,3,1,2,2.2,1.946,15.6,6.4,56.8,2.4,26.8,0.2,1.084,11.0,2.2,43.2,1.0,20.0,2.6,0.141,0.344,0.018,0.091,0.2,0.492,7.0,2.8,50.0,1.0,15.4,0.6,1.296,12.4,3.0,50.0,1.6,29.2,1.0,0.029,0.071,0.048,0.2
2.25,1.92,2.01,15,7.5,1.18,2021-01-26T20:15:00.000Z,8456,8659,False,5,0,2,2.4,2.368,17.2,6.6,65.2,4.4,42.0,0.2,0.4,6.8,1.8,34.8,0.2,13.4,3.0,0.14,0.364,0.029,0.111,1.0,0.966,6.8,2.8,31.4,1.8,13.2,2.8,2.006,17.8,6.4,68.6,2.8,32.2,0.8,0.147,0.357,0.157,0.437
0.25,2.08,1.82,2.8,3.5,2.45,2021-01-30T17:30:00.000Z,9825,10260,True,0,0,1,1.2,1.442,14.2,5.8,56.6,2.0,28.2,0.8,1.068,12.0,3.2,43.4,1.2,21.2,2.0,0.085,0.207,0.067,0.25,2.2,1.974,14.4,6.0,57.4,2.6,26.4,0.2,0.732,9.8,2.6,42.6,0.6,17.0,2.6,0.153,0.367,0.02,0.077
0.25,2.05,1.88,3.6,3.3,2.1,2021-02-02T18:00:00.000Z,9825,8602,False,1,2,0,2.0,1.924,15.6,6.0,56.0,2.4,26.6,0.2,0.892,10.0,2.8,44.0,1.0,18.6,2.2,0.128,0.333,0.02,0.071,1.2,0.94,11.2,3.4,48.2,1.4,17.6,1.8,1.448,11.0,3.8,51.8,1.8,22.6,0.4,0.107,0.353,0.164,0.474
-0.25,1.84,2.09,2,3.3,4,2021-02-02T18:00:00.000Z,8657,8659,True,2,1,2,1.2,1.07,6.8,2.8,34.2,1.8,14.2,3.0,2.096,17.6,7.6,65.8,3.0,29.8,0.8,0.176,0.429,0.17,0.395,0.8,0.896,9.6,3.0,42.6,0.6,18.0,1.4,0.968,11.2,4.2,57.4,1.2,22.4,1.2,0.083,0.267,0.125,0.333
0.25,1.82,2.11,2.62,3.5,2.6,2021-02-06T12:30:00.000Z,9825,10252,False,0,1,0,1.4,1.342,13.2,4.2,52.6,1.6,24.2,0.6,1.004,10.8,3.6,47.4,1.0,20.2,1.6,0.106,0.333,0.056,0.167,1.2,1.304,12.0,5.0,49.6,2.2,23.0,1.6,1.624,17.0,6.0,50.4,2.2,31.6,1.2,0.1,0.24,0.094,0.267
-1,-1,-1,-1,-1,-1,2021-02-14T16:30:00.000Z,9825,8463,True,4,2,2,1.6,1.268,11.4,5.0,61.0,1.8,23.2,1.0,1.314,13.0,4.8,39.0,1.6,16.4,1.8,0.14,0.32,0.077,0.208,1.4,1.414,13.8,4.0,52.4,1.6,28.2,0.8,1.076,10.8,4.8,47.6,1.2,20.2,1.4,0.101,0.35,0.074,0.167
1.25,1.83,2.1,6.5,4.33,1.5,2021-02-21T16:30:00.000Z,9825,8456,True,0,1,0,2.6,2.064,12.4,5.8,64.6,2.8,33.8,0.4,0.566,4.8,1.8,35.4,0.4,10.4,3.0,0.21,0.448,0.083,0.222,1.6,1.398,12.4,3.8,48.4,1.6,28.2,1.2,1.23,11.8,5.6,51.6,1.4,22.2,1.4,0.129,0.421,0.102,0.214
-0.25,2.01,1.92,2.5,3.4,2.8,2021-02-28T12:00:00.000Z,9825,8197,False,3,1,2,1.0,1.026,12.0,3.0,49.0,0.8,27.6,1.2,1.42,12.2,5.2,51.0,1.8,25.4,0.8,0.083,0.333,0.098,0.231,1.6,1.396,13.4,5.8,47.4,2.2,18.0,1.0,1.432,11.0,3.0,52.6,2.2,22.6,2.0,0.119,0.276,0.091,0.333
0.25,1.94,1.99,3.5,3.2,2.2,2021-02-28T12:00:00.000Z,9826,9879,True,0,0,1,0.8,1.262,12.6,3.2,57.6,1.6,25.0,0.6,0.934,7.2,2.6,42.4,1.6,14.0,1.6,0.063,0.25,0.083,0.231,1.0,0.658,8.2,2.6,39.4,0.6,16.6,1.4,1.634,17.0,5.0,60.6,2.4,30.4,1.8,0.122,0.385,0.082,0.28
0.75,1.89,2.04,5.5,4,1.61,2021-03-06T12:30:00.000Z,9825,8191,False,1,1,1,1.6,1.33,11.0,3.2,51.6,1.2,28.4,1.4,1.156,11.0,5.2,48.4,1.6,22.4,1.2,0.145,0.5,0.127,0.269,1.0,1.064,10.4,3.6,47.2,2.0,17.6,1.2,1.194,12.6,4.0,52.8,1.6,18.4,1.2,0.096,0.278,0.095,0.3
0,1.94,1.99,2.55,3.4,2.75,2021-03-14T16:30:00.000Z,9825,8586,True,2,1,2,2.0,1.562,12.8,4.2,54.2,2.0,17.8,1.2,1.044,9.0,3.4,45.8,1.4,23.8,1.8,0.156,0.476,0.133,0.353,1.6,1.676,12.2,3.2,54.4,1.8,31.2,1.2,1.076,10.6,4.8,45.6,1.6,21.6,1.4,0.131,0.5,0.113,0.25
0.25,2.06,1.87,2.8,3.5,2.45,2021-03-21T15:00:00.000Z,9825,8654,False,3,3,1,2.0,1.864,12.0,3.2,51.8,2.2,27.4,1.2,0.918,9.4,3.8,48.2,1.4,19.2,2.0,0.167,0.625,0.128,0.316,1.6,1.478,9.8,4.2,37.4,2.4,17.8,0.8,1.034,14.0,3.6,62.6,1.4,27.0,1.8,0.163,0.381,0.057,0.222
0.25,1.82,2.11,3.1,3.7,2.15,2021-04-03T19:00:00.000Z,9825,8650,True,0,3,0,0.6,1.208,13.2,4.4,59.2,2.0,27.4,0.8,1.19,9.6,4.2,40.8,2.0,16.0,1.2,0.045,0.136,0.083,0.19,1.8,1.67,12.6,3.6,55.2,1.8,25.8,1.4,1.216,10.6,3.8,44.8,1.8,21.0,1.6,0.143,0.5,0.132,0.368
0.75,2.08,1.85,6.5,3.75,1.57,2021-04-11T18:00:00.000Z,9825,8657,False,3,0,2,1.8,1.626,11.8,3.8,53.4,1.8,23.4,1.8,1.334,10.8,4.6,46.6,2.4,19.6,1.6,0.153,0.474,0.167,0.391,0.4,0.712,7.0,1.4,38.4,1.2,10.2,2.2,2.66,17.8,7.4,61.6,4.6,28.8,0.6,0.057,0.286,0.124,0.297
-0.5,1.89,2.04,1.7,3.8,4.8,2021-04-18T12:30:00.000Z,9825,9879,True,1,1,1,0.6,1.018,11.0,3.8,46.4,0.8,20.8,1.8,1.264,11.6,4.2,53.6,1.4,21.4,0.6,0.055,0.158,0.155,0.429,1.8,1.498,12.2,4.0,53.2,2.0,25.0,1.6,1.326,10.6,4.4,46.8,2.2,18.6,1.6,0.148,0.45,0.151,0.364
-0.5,2.06,1.87,2,3.5,3.75,2021-04-23T19:00:00.000Z,9825,8668,True,0,1,0,0.8,1.308,12.4,4.0,49.2,2.0,18.2,1.4,1.304,16.2,5.2,50.8,1.8,23.8,0.6,0.065,0.2,0.086,0.269,1.8,1.526,12.8,4.4,55.4,2.2,25.2,1.6,1.278,9.4,3.6,44.6,2.0,18.4,1.6,0.141,0.409,0.17,0.444
0.5,1.85,2.08,3.6,3.6,2,2021-05-02T13:00:00.000Z,9825,10261,False,2,0,2,1.4,1.336,13.0,4.4,56.6,1.8,26.2,1.6,1.308,9.8,3.2,43.4,2.0,18.8,1.0,0.108,0.318,0.163,0.5,1.6,1.738,11.6,4.8,37.2,2.6,17.6,1.8,1.996,16.8,6.0,62.8,2.8,28.8,1.6,0.138,0.333,0.107,0.3
-1,1.86,2.07,1.44,4.5,7,2021-05-09T18:00:00.000Z,9825,8659,True,3,1,2,2.2,1.55,10.6,4.4,34.6,2.6,19.8,1.6,2.004,18.6,8.0,65.4,2.6,33.8,1.6,0.208,0.5,0.086,0.2,1.2,1.456,13.6,4.0,56.2,1.8,25.84,1.0,0.876,7.8,2.4,43.8,1.4,17.28,1.4,0.088,0.3,0.128,0.417
-0.5,1.99,1.94,1.65,4,5,2021-05-12T19:15:00.000Z,9825,8455,False,1,0,2,1.8,1.622,16.0,5.0,62.2,2.0,29.68,0.6,0.758,7.0,1.2,37.8,0.8,14.84,2.0,0.113,0.36,0.086,0.5,1.8,1.77,13.6,6.0,57.0,2.8,29.04,0.4,0.676,9.4,2.4,43.0,0.6,10.8,2.6,0.132,0.3,0.043,0.167
1,1.82,2.11,6,4.5,1.5,2021-05-19T18:00:00.000Z,9825,9826,False,3,1,2,1.4,1.402,14.2,4.4,57.6,1.6,29.048,0.6,1.05,9.4,1.8,42.4,1.2,16.096,2.0,0.099,0.318,0.064,0.333,1.4,1.424,13.6,5.2,39.2,1.6,12.112,1.8,1.326,14.4,3.8,60.8,1.4,28.072,1.2,0.103,0.269,0.125,0.474
-0.75,1.85,2.05,1.57,4.33,5.25,2021-05-23T15:00:00.000Z,9825,10204,True,2,0,2,1.4,1.316,13.6,4.0,52.6,1.8,23.168,1.2,1.03,11.4,3.6,47.4,1.2,16.304,1.4,0.103,0.35,0.105,0.333,1.8,1.24,11.8,4.0,57.4,1.2,27.384,0.6,1.08,11.2,2.8,42.6,1.2,16.064,2.4,0.153,0.45,0.054,0.214
1.25,1.89,2.01,6.5,4.6,1.45,2021-05-23T15:00:00.000Z,10252,8455,True,2,1,2,1.4,1.992,14.8,5.4,56.8,2.4,29.592,0.6,0.794,9.4,2.8,43.2,1.0,11.208,2.4,0.095,0.259,0.064,0.214,1.4,1.096,15.2,4.2,48.8,1.4,24.16,1.6,1.308,16.4,5.4,51.2,1.2,29.122,1.4,0.092,0.333,0.098,0.296
0,2.04,1.86,2.8,3.6,2.4,2021-05-23T15:00:00.000Z,8191,8657,False,0,1,0,1.4,1.596,12.4,4.6,41.4,2.6,23.048,1.8,1.614,18.2,3.6,58.6,1.8,25.008,1.2,0.113,0.304,0.099,0.5,0.4,0.806,8.6,1.6,40.6,1.0,12.144,1.4,1.866,18.0,6.8,59.4,2.8,27.064,1.2,0.047,0.25,0.078,0.206
-2.25,1.86,2.04,1.14,8.5,15,2021-05-23T15:00:00.000Z,9826,8650,False,0,2,0,1.4,1.48,15.2,6.0,38.8,1.4,13.064,2.0,1.394,13.0,3.4,61.2,1.6,28.058,1.2,0.092,0.233,0.154,0.588,2.4,2.322,19.8,6.4,60.8,4.2,36.152,0.8,1.196,11.2,4.0,39.2,2.6,18.592,2.6,0.121,0.375,0.071,0.2
-1.75,2.01,1.89,1.44,5,6.5,2021-05-23T15:00:00.000Z,8668,8456,False,0,5,0,0.6,1.152,14.0,4.2,44.8,1.2,18.13,0.6,1.008,11.2,2.6,55.2,1.8,24.934,1.4,0.043,0.143,0.054,0.231,2.2,1.446,14.4,4.0,61.8,1.6,36.576,1.8,1.138,11.8,4.6,38.2,1.2,11.216,1.8,0.153,0.55,0.153,0.391
-0.25,2.08,1.73,2.05,3.8,3.3,2021-05-23T15:00:00.000Z,9879,10261,True,0,2,0,1.8,1.574,10.6,4.2,34.4,2.8,18.392,1.8,1.808,18.4,6.0,65.6,2.4,29.984,1.4,0.17,0.429,0.098,0.3,0.6,0.806,10.4,3.0,49.2,0.8,19.352,1.8,1.724,13.0,5.6,50.8,2.8,25.896,0.4,0.058,0.2,0.138,0.321
-1,-1,-1,-1,-1,-1,2021-05-23T15:00:00.000Z,8463,8659,True,3,1,2,1.2,1.304,11.0,3.2,36.4,2.4,19.96,2.2,2.146,21.2,8.6,63.6,2.2,35.184,0.4,0.109,0.375,0.104,0.256,1.8,1.336,12.8,5.0,51.2,1.6,19.04,0.6,1.444,15.6,3.8,48.8,1.8,31.056,2.0,0.141,0.36,0.038,0.158
-0.75,2.02,1.88,2,4,3.3,2021-05-23T15:00:00.000Z,8197,8586,True,2,4,0,2.0,1.712,15.4,6.8,59.6,2.2,24.784,1.2,1.224,13.8,4.0,40.4,1.4,21.592,1.8,0.13,0.294,0.087,0.3,1.6,1.482,16.0,5.8,58.8,2.4,26.968,1.8,1.558,8.8,3.6,41.2,2.4,11.264,1.4,0.1,0.276,0.205,0.5
-0.25,2.04,1.86,2.5,3.5,2.7,2021-05-23T15:00:00.000Z,10260,8602,False,2,1,2,1.4,1.22,13.8,4.2,55.6,1.2,30.304,1.6,1.074,10.8,4.8,44.4,2.0,17.728,1.0,0.101,0.333,0.148,0.333,0.6,0.756,14.4,4.8,55.0,0.4,16.328,1.8,1.488,13.4,6.2,45.0,2.0,20.24,0.8,0.042,0.125,0.134,0.29
-0.75,2,1.9,1.65,4,5,2021-05-23T15:00:00.000Z,8466,8654,False,0,3,0,1.4,1.308,11.8,5.0,47.0,1.8,26.325,1.4,1.544,14.6,5.8,53.0,2.2,28.357,1.4,0.119,0.28,0.096,0.241,1.2,1.862,15.6,3.6,53.0,2.4,15.408,1.0,1.656,11.6,3.6,47.0,2.0,30.4,1.4,0.077,0.333,0.086,0.278
-0.25,2.1,1.83,2.7,3.1,2.75,2020-09-21T17:00:00.000Z,10252,8657,True,1,0,2,0.0,1.04,9.0,2.0,55.0,1.0,0.0,2.0,1.4,11.0,4.0,45.0,3.0,0.0,0.0,0.0,0.0,0.182,0.5,0.0,0.0,0.0,0.0,0.0,0.0,0.0,0.0,0.0,0.0,0.0,0.0,0.0,0.0,0.0,0.0,0.0,0.0,0.0
0.25,1.8,2.1,2.9,3.25,2.5,2020-09-28T16:45:00.000Z,10252,9879,False,3,0,2,1.0,1.01,18.0,2.0,72.0,0.0,0.0,0.0,0.93,4.0,1.0,28.0,1.0,0.0,3.0,0.056,0.5,0.0,0.0,1.5,0.945,9.5,4.0,48.0,1.5,1.5,3.5,1.67,11.5,6.5,52.0,2.0,13.0,0.0,0.158,0.375,0.304,0.538
1.25,1.94,1.99,10,5.5,1.3,2020-10-04T18:15:00.000Z,10252,8650,True,7,2,2,3.0,2.53,20.333,6.667,58.667,3.333,0.0,1.333,0.837,5.0,3.0,41.333,1.333,0.0,3.0,0.148,0.45,0.267,0.444,2.0,1.215,15.0,3.5,53.5,2.0,13.0,0.0,0.825,10.0,2.0,46.5,0.5,15.5,3.0,0.133,0.571,0.0,0.0
-0.25,2.09,1.81,1.83,3.8,4.1,2020-10-18T18:15:00.000Z,10252,8197,False,1,0,2,3.667,1.71,16.0,6.0,45.667,3.333,19.0,0.667,1.143,11.333,4.0,54.333,1.667,26.0,3.0,0.229,0.611,0.059,0.167,3.0,1.867,9.5,5.0,57.5,2.5,8.5,1.75,1.172,13.25,4.25,42.5,1.75,9.5,2.25,0.316,0.6,0.132,0.412
-1,-1,-1,-1,-1,-1,2020-10-23T19:00:00.000Z,10252,8463,True,0,3,0,1.8,1.27,11.6,5.6,57.0,1.8,16.0,1.8,1.508,16.0,4.2,43.0,1.6,18.8,1.4,0.155,0.321,0.113,0.429,3.0,1.465,14.5,5.5,46.75,2.75,23.0,0.5,1.01,11.25,4.25,53.25,1.25,25.5,3.0,0.207,0.545,0.044,0.118
0,1.93,1.97,2.45,3.5,2.8,2020-11-01T12:00:00.000Z,10252,8466,True,3,4,0,2.0,1.304,11.6,5.4,52.4,1.4,15.6,1.6,0.98,8.2,3.4,47.6,1.2,16.0,2.0,0.172,0.37,0.195,0.471,2.4,1.462,14.0,5.2,45.6,2.8,23.8,1.0,1.358,14.4,5.2,54.4,1.6,29.6,2.4,0.171,0.462,0.069,0.192
-0.25,2.04,1.89,2.15,3.6,3.2,2020-11-21T15:00:00.000Z,10252,10204,True,1,2,0,1.0,1.074,12.2,2.8,57.8,0.8,30.2,1.6,0.99,6.8,2.8,42.2,1.6,14.0,0.6,0.082,0.357,0.235,0.571,2.8,1.73,14.8,7.0,43.6,3.2,33.0,1.8,1.468,14.8,5.6,56.4,2.0,30.0,1.8,0.189,0.4,0.122,0.321
-0.25,2.03,1.87,2.25,3.6,3,2020-11-30T20:00:00.000Z,10252,8654,False,1,2,0,1.6,1.53,14.2,5.6,48.6,2.8,33.0,1.8,1.398,13.4,4.6,51.4,1.8,24.8,1.2,0.113,0.286,0.134,0.391,1.4,1.18,10.8,3.8,41.8,0.8,20.6,1.2,1.398,11.2,5.2,58.2,2.0,24.2,1.6,0.13,0.368,0.107,0.231
0,1.83,2.1,2.25,3.25,3.25,2020-12-12T12:30:00.000Z,10252,8602,False,1,0,2,1.6,1.884,15.4,6.0,51.8,3.2,30.6,2.2,1.358,12.4,4.0,48.2,2.0,21.8,0.6,0.104,0.267,0.177,0.55,1.0,1.168,12.6,4.8,44.6,1.8,24.2,1.4,1.272,10.4,3.0,55.4,1.8,22.0,1.4,0.079,0.208,0.135,0.467
-0.5,1.88,2.05,1.75,3.8,4.5,2020-12-17T18:00:00.000Z,10252,8191,True,0,0,1,0.6,0.932,8.2,2.2,38.8,1.2,14.2,1.2,1.75,16.8,5.2,61.2,2.6,34.8,1.6,0.073,0.273,0.071,0.231,1.8,1.87,15.6,5.6,53.6,2.8,31.8,1.6,1.034,10.2,3.6,46.4,1.6,17.4,1.2,0.115,0.321,0.157,0.444
0.75,2.02,1.91,3.6,3.8,1.95,2020-12-20T19:15:00.000Z,10252,8659,False,3,0,2,1.2,1.788,17.2,5.0,54.2,2.2,32.2,0.8,0.954,9.6,3.6,45.8,1.4,17.8,1.4,0.07,0.24,0.083,0.222,0.8,0.738,10.2,3.2,42.8,0.8,12.2,1.8,2.042,18.8,6.6,57.2,3.0,33.0,0.8,0.078,0.25,0.096,0.273
-0.5,1.77,2.02,1.9,3.75,3.8,2020-12-26T15:00:00.000Z,10252,9826,True,3,0,2,1.4,1.068,11.8,4.0,46.6,1.4,25.4,2.4,1.18,12.0,5.4,53.4,1.8,16.4,1.0,0.119,0.35,0.2,0.444,1.2,1.898,18.0,5.8,59.4,2.4,34.6,0.8,0.67,7.2,3.4,40.6,1.0,13.8,1.4,0.067,0.207,0.111,0.235
0,2.02,1.91,3.2,3.3,2.3,2020-12-26T15:00:00.000Z,9879,8466,True,0,0,1,1.6,1.154,11.6,4.0,56.6,1.8,21.6,1.2,1.168,10.0,3.8,43.4,2.2,19.4,1.4,0.138,0.4,0.12,0.316,0.8,1.196,9.2,3.8,36.8,2.4,15.2,1.0,1.546,12.8,4.6,63.2,2.8,23.4,1.2,0.087,0.211,0.078,0.217
-1,2.35,1.58,1.61,4.2,5,2020-12-28T17:30:00.000Z,10252,8455,False,1,1,1,1.6,2.424,19.0,6.8,56.2,3.2,34.6,0.4,0.558,8.4,4.0,43.8,0.6,14.0,2.0,0.084,0.235,0.048,0.1,1.6,2.118,15.2,5.4,57.6,3.8,30.2,1.4,0.996,10.0,3.6,42.4,1.0,20.0,1.2,0.105,0.296,0.14,0.389
-0.75,1.91,1.99,1.72,4.2,4.2,2021-01-01T20:00:00.000Z,10252,10260,False,1,2,0,1.6,2.064,17.8,6.0,50.4,2.8,33.6,0.2,0.834,10.4,4.6,49.6,0.6,18.2,2.2,0.09,0.267,0.019,0.043,2.4,1.888,14.4,6.4,50.4,3.8,21.2,1.2,1.194,11.4,3.8,49.6,1.6,23.0,2.2,0.167,0.375,0.105,0.316
-1.5,1.98,1.95,1.22,6.5,12,2021-01-20T18:00:00.000Z,10252,8456,False,0,2,0,1.6,2.07,18.2,6.6,50.8,3.0,32.0,0.6,1.034,11.0,5.0,49.2,1.0,21.4,1.6,0.088,0.242,0.055,0.12,2.2,1.846,13.8,5.8,61.8,3.8,31.8,0.2,0.42,6.4,1.6,38.2,0.4,14.6,3.0,0.159,0.379,0.031,0.125
-1,1.81,2.13,1.45,4.75,6.5,2021-01-23T20:00:00.000Z,10252,10261,True,2,0,2,0.2,0.412,6.8,2.0,32.6,0.4,10.8,1.6,1.904,13.6,4.6,67.4,3.2,33.2,0.2,0.029,0.1,0.118,0.348,1.6,1.886,15.0,6.0,45.2,2.8,27.0,1.0,1.664,15.4,6.0,54.8,1.8,33.6,1.4,0.107,0.267,0.065,0.167
0.5,2.11,1.82,3.8,3.5,1.95,2021-01-27T18:00:00.000Z,10252,8191,False,2,3,0,1.4,1.86,14.0,5.0,43.6,3.0,21.6,1.0,1.75,16.6,6.0,56.4,1.8,34.4,1.4,0.1,0.28,0.06,0.167,0.4,1.0,9.2,3.0,41.2,1.4,19.8,0.6,1.422,14.6,4.8,58.8,1.4,26.8,1.2,0.043,0.133,0.041,0.125
-0.75,1.84,2.09,1.6,4.2,5.25,2021-01-27T18:00:00.000Z,8455,8602,True,0,0,1,1.4,1.028,13.2,4.8,52.8,1.2,23.0,2.0,1.408,9.4,3.6,47.2,2.0,21.0,0.4,0.106,0.292,0.213,0.556,0.8,1.518,14.8,4.2,62.6,1.4,28.6,1.8,1.502,12.2,4.8,37.4,3.0,21.4,0.8,0.054,0.19,0.148,0.375
0.25,2.03,1.9,2.8,3.6,2.37,2021-01-30T20:00:00.000Z,10252,8466,False,1,0,2,1.2,1.456,13.6,5.2,48.2,2.4,22.0,1.6,1.68,16.0,5.8,51.8,1.8,32.2,0.8,0.088,0.231,0.1,0.276,0.4,0.514,7.8,3.2,52.0,1.0,15.4,1.0,1.562,12.0,3.0,48.0,2.2,29.8,1.0,0.051,0.125,0.083,0.333
-0.25,2.11,1.82,2.2,3.4,3.25,2021-02-03T20:15:00.000Z,10252,8654,True,1,3,0,1.6,1.784,13.0,4.8,44.6,2.6,22.0,1.2,0.804,9.2,2.8,55.4,1.0,19.8,2.4,0.123,0.333,0.13,0.429,1.2,1.438,13.2,5.6,48.8,2.4,22.6,1.4,1.716,16.8,5.8,51.2,2.4,34.4,1.2,0.091,0.214,0.083,0.241
-1,1.87,2.06,1.33,5.25,9,2021-02-03T20:15:00.000Z,10204,8650,False,1,0,2,1.0,1.472,11.4,3.4,43.0,1.6,29.0,0.8,0.95,10.4,3.8,57.0,1.2,21.8,1.6,0.088,0.294,0.077,0.211,1.2,1.748,17.8,4.4,64.4,2.2,41.2,0.8,0.716,6.4,3.0,35.6,1.0,12.0,1.4,0.067,0.273,0.125,0.267
0,2.08,1.85,2.7,3.5,2.5,2021-02-13T20:00:00.000Z,10252,10204,False,0,0,1,1.4,1.412,12.2,5.8,50.2,2.4,24.0,1.2,1.09,14.2,4.8,49.8,1.4,26.4,1.8,0.115,0.241,0.085,0.25,0.8,1.356,12.4,3.6,41.8,1.2,26.8,0.2,0.796,11.2,3.4,58.2,0.8,22.6,2.2,0.065,0.222,0.018,0.059
0.5,1.88,2.05,2.87,3.5,2.4,2021-02-21T14:05:00.000Z,10252,8197,True,1,2,0,1.4,1.408,14.0,5.6,50.4,2.0,19.6,1.0,1.228,10.4,3.0,49.6,1.8,21.2,1.6,0.1,0.25,0.096,0.333,1.0,0.994,10.2,5.0,46.8,1.6,22.4,1.2,1.44,18.0,6.4,53.2,1.8,31.4,1.4,0.098,0.2,0.067,0.187
-1,-1,-1,-1,-1,-1,2021-02-27T17:30:00.000Z,10252,8463,False,1,0,2,0.8,0.83,8.8,3.4,44.4,1.0,20.2,1.0,1.56,19.2,6.8,55.6,1.8,33.0,1.4,0.091,0.235,0.052,0.147,1.6,1.436,14.2,6.6,58.2,2.4,24.8,1.4,1.172,11.8,4.8,41.8,1.6,18.2,1.2,0.113,0.242,0.119,0.292
0.25,2.02,1.91,3.75,3.4,2.05,2021-03-03T18:00:00.000Z,10252,8657,False,0,1,0,0.8,0.848,9.0,3.4,42.6,1.0,18.4,1.0,1.338,17.8,6.4,57.4,1.2,29.4,1.4,0.089,0.235,0.056,0.156,0.6,0.86,8.4,3.6,45.4,1.6,19.4,1.8,1.792,12.2,6.2,54.6,3.4,24.4,0.6,0.071,0.167,0.148,0.29
0.25,2.04,1.89,4,3.25,2,2021-03-03T18:00:00.000Z,8191,8197,True,1,1,1,1.6,1.106,11.4,4.8,46.0,1.8,18.4,1.0,1.482,11.8,2.4,54.0,1.8,24.0,2.0,0.14,0.333,0.085,0.417,1.0,1.076,12.0,3.6,50.2,1.8,22.0,1.2,1.058,11.4,3.6,49.8,1.2,15.8,1.2,0.083,0.278,0.105,0.333
0,1.86,2.07,2.37,3.25,3.1,2021-03-06T17:30:00.000Z,10252,8602,True,0,0,1,1.0,0.876,11.6,3.0,42.8,1.0,15.2,1.2,1.666,15.8,6.0,57.2,3.0,31.6,1.6,0.086,0.333,0.076,0.2,0.6,1.164,10.4,3.8,45.8,1.4,19.8,0.6,1.18,15.6,4.8,54.2,1.0,26.2,1.4,0.058,0.158,0.038,0.125
0.25,2.08,1.85,3.8,3.3,2.05,2021-03-12T20:00:00.000Z,10252,10261,False,1,1,1,0.4,1.048,9.8,2.4,48.8,1.4,18.6,0.6,1.352,14.8,4.6,51.2,1.6,19.8,1.0,0.041,0.167,0.041,0.13,1.0,0.754,10.8,5.2,36.6,0.8,18.2,1.6,1.68,14.8,5.0,63.4,2.4,31.0,1.0,0.093,0.192,0.108,0.32
0.25,1.88,2.05,2.9,3.3,2.45,2021-03-21T19:30:00.000Z,10252,8586,True,0,2,0,2.2,1.57,12.6,4.2,55.6,2.0,18.4,1.0,0.944,8.6,2.8,44.4,1.2,19.2,1.8,0.175,0.524,0.116,0.357,0.6,1.198,12.0,3.4,50.6,1.8,21.0,0.8,1.206,12.0,3.4,49.4,1.6,17.4,1.0,0.05,0.176,0.067,0.235
-0.25,2.1,1.7,2.25,3.3,3.3,2021-04-04T15:30:00.000Z,10252,9879,True,3,1,2,0.4,1.058,10.6,3.2,50.8,0.6,22.2,1.2,1.22,9.8,3.2,49.2,1.6,18.6,0.8,0.038,0.125,0.122,0.375,0.4,0.982,11.4,3.2,50.6,1.4,20.4,0.8,1.34,10.6,2.6,49.4,1.8,18.4,1.0,0.035,0.125,0.075,0.308
-1.25,2.03,1.9,1.5,4.33,6.5,2021-04-10T14:00:00.000Z,10252,8650,False,1,2,0,0.8,1.134,12.4,3.2,54.8,1.6,23.0,1.0,1.36,11.0,3.4,45.2,1.8,16.8,1.0,0.065,0.25,0.091,0.294,1.2,1.41,13.4,4.6,57.8,2.8,27.0,0.4,0.854,8.4,3.4,42.2,1.2,15.6,1.8,0.09,0.261,0.048,0.118
1.5,1.92,2.01,9,4.75,1.36,2021-04-21T19:15:00.000Z,10252,8456,True,1,2,0,2.2,1.944,17.6,6.8,61.0,3.0,35.2,1.2,0.832,5.8,3.2,39.0,1.0,11.6,1.8,0.125,0.324,0.207,0.375,1.0,0.78,11.0,3.4,47.2,1.2,19.4,1.2,1.636,13.8,5.0,52.8,2.2,23.6,1.0,0.091,0.294,0.087,0.24
-0.25,1.8,2.14,1.85,3.6,4.2,2021-04-25T18:00:00.000Z,10252,8659,True,2,2,1,1.6,1.588,11.6,3.6,42.0,2.0,23.0,1.2,1.486,12.8,5.6,58.0,2.4,25.0,1.4,0.138,0.444,0.094,0.214,1.2,0.806,10.8,3.8,43.0,1.2,19.0,1.6,1.542,14.4,5.2,57.0,2.0,29.2,0.8,0.111,0.316,0.111,0.308
-0.5,1.98,1.95,1.95,3.6,3.8,2021-05-01T19:00:00.000Z,10252,8668,False,2,1,2,1.4,1.282,12.6,4.8,46.8,1.4,25.0,1.8,1.534,14.0,5.4,53.2,2.2,27.8,0.8,0.111,0.292,0.129,0.333,1.0,1.346,12.6,4.0,50.6,2.0,18.8,1.0,0.982,15.2,4.0,49.4,0.8,25.4,1.2,0.079,0.25,0.066,0.25
0.75,1.88,2.05,4.2,3.8,1.8,2021-05-09T13:05:00.000Z,10252,10260,True,1,3,0,1.8,1.802,15.0,6.2,59.6,2.8,32.2,0.6,0.748,8.0,2.4,40.4,1.2,16.8,2.6,0.12,0.29,0.075,0.25,1.8,1.524,13.6,5.6,47.2,2.2,25.0,1.6,1.38,15.4,5.4,52.8,2.2,28.84,1.4,0.132,0.321,0.104,0.296
0.25,1.83,2.1,2.7,3.4,2.6,2021-05-13T17:00:00.000Z,10252,8668,True,0,0,1,1.0,1.052,11.8,3.0,43.6,1.0,17.4,0.8,1.254,14.6,2.8,56.4,1.6,25.44,1.6,0.085,0.333,0.055,0.286,1.4,1.332,13.0,5.8,45.0,1.8,25.0,2.0,1.536,16.0,5.4,55.0,2.4,31.4,0.8,0.108,0.241,0.125,0.37
0.25,1.92,2.01,3,3.6,2.25,2021-05-16T11:00:00.000Z,10252,9826,False,2,3,0,1.2,1.342,13.8,5.2,49.8,1.8,26.8,1.6,1.296,14.4,4.4,50.2,1.8,28.368,1.0,0.087,0.231,0.111,0.364,1.0,1.116,9.2,3.8,37.2,1.6,10.76,2.2,1.68,15.2,4.8,62.8,2.4,29.928,0.6,0.109,0.263,0.145,0.458
-1,2.11,1.82,1.5,4.5,6,2021-05-19T17:00:00.000Z,10252,8586,False,2,1,2,1.4,1.47,16.0,5.6,55.0,1.8,29.2,1.8,1.44,16.4,5.4,45.0,1.6,26.648,1.0,0.087,0.25,0.11,0.333,2.2,1.83,15.8,6.6,56.8,2.4,23.024,1.2,1.302,13.4,4.6,43.2,1.4,22.112,2.0,0.139,0.333,0.09,0.261
-0.75,2.05,1.75,1.85,3.6,4.2,2021-05-19T17:00:00.000Z,8668,8602,True,1,0,2,0.8,0.914,14.6,5.2,52.8,0.6,17.232,1.6,1.434,12.2,5.8,47.2,2.2,19.992,1.4,0.055,0.154,0.131,0.276,0.6,1.112,12.8,3.6,44.8,1.2,16.688,0.6,1.1,12.2,2.6,55.2,1.8,26.16,1.4,0.047,0.167,0.049,0.231
-0.5,1.75,2.05,1.72,3.8,4.75,2021-05-19T17:00:00.000Z,10261,8657,True,1,0,2,0.4,0.71,8.0,1.8,41.2,1.0,13.512,1.4,1.762,16.8,6.8,58.8,2.4,25.832,1.2,0.05,0.222,0.083,0.206,2.2,1.698,10.6,4.8,31.2,2.8,17.544,2.2,2.01,19.4,7.0,68.8,3.0,28.536,1.4,0.208,0.458,0.113,0.314
1,1.93,1.97,5,4.33,1.61,2020-09-14T19:15:00.000Z,10204,8455,True,1,3,0,0.0,0.0,0.0,0.0,0.0,0.0,0.0,0.0,0.0,0.0,0.0,0.0,0.0,0.0,0.0,0.0,0.0,0.0,0.0,0.0,0.0,0.0,0.0,0.0,0.0,0.0,0.0,0.0,0.0,0.0,0.0,0.0,0.0,0.0,0.0,0.0,0.0,0.0
0,1.87,2.06,2.6,3.1,2.87,2020-09-20T13:00:00.000Z,10204,10261,False,3,0,2,1.0,1.05,13.0,3.0,52.0,2.0,0.0,3.0,1.22,10.0,5.0,48.0,1.0,0.0,0.0,0.077,0.333,0.3,0.6,2.0,1.57,15.0,2.0,42.0,1.0,0.0,0.0,1.09,15.0,3.0,58.0,0.0,0.0,3.0,0.133,1.0,0.0,0.0
1,1.87,2.03,4.75,3.75,1.72,2020-09-26T11:30:00.000Z,10204,10260,True,2,3,0,1.0,1.23,17.0,4.0,76.0,2.0,0.0,3.0,1.66,14.0,5.0,24.0,2.0,0.0,0.0,0.059,0.25,0.214,0.6,2.0,1.415,13.0,4.5,52.5,2.0,0.0,1.5,0.87,8.0,2.5,47.5,1.0,0.0,1.5,0.154,0.444,0.188,0.6
-0.75,2.07,1.86,1.72,3.75,4.8,2020-10-03T14:00:00.000Z,10204,8668,False,2,4,0,2.0,1.793,14.667,4.667,52.667,3.0,10.0,2.0,1.097,7.667,2.667,47.333,1.333,6.0,1.0,0.136,0.429,0.261,0.75,2.667,2.37,14.0,5.333,59.0,3.0,5.0,1.0,0.633,7.667,3.333,41.0,1.0,6.333,3.0,0.19,0.5,0.13,0.3
0.25,1.82,2.08,2.62,3.3,2.7,2020-10-18T13:00:00.000Z,10204,9826,False,1,1,1,2.0,1.683,13.75,4.25,53.75,2.5,13.5,2.5,1.223,8.5,3.5,46.25,2.0,9.0,0.75,0.145,0.471,0.294,0.714,1.25,0.838,7.75,2.25,31.0,1.5,7.75,1.75,1.685,13.25,5.0,69.0,2.5,9.0,1.5,0.161,0.556,0.132,0.35
-0.75,1.87,2.06,1.7,4,4.75,2020-10-26T17:30:00.000Z,10204,8659,True,1,1,1,1.0,0.472,8.0,3.2,36.8,0.2,8.4,2.6,2.232,14.8,7.0,63.2,2.8,14.8,0.4,0.125,0.312,0.176,0.371,1.8,1.696,15.0,4.0,56.2,2.0,18.2,2.2,1.136,7.0,3.0,43.8,1.8,8.6,0.8,0.12,0.45,0.314,0.733
-1,2.06,1.84,1.61,4,5.5,2020-11-01T19:15:00.000Z,10204,8586,False,1,2,0,1.8,1.586,13.4,4.0,55.8,1.8,21.2,1.8,0.962,6.8,2.6,44.2,1.6,12.2,1.0,0.134,0.45,0.265,0.692,3.2,2.168,14.8,7.0,57.8,3.8,19.8,1.4,1.398,10.2,3.6,42.2,1.4,13.6,2.2,0.216,0.457,0.137,0.389
-0.5,2,1.93,1.85,3.5,4.33,2020-11-06T17:30:00.000Z,10204,8191,True,0,0,1,0.2,0.706,8.8,2.6,44.4,0.8,17.4,1.6,0.954,10.2,4.8,55.6,1.4,20.8,0.2,0.023,0.077,0.157,0.333,1.4,1.29,12.0,3.2,56.6,1.4,26.2,2.2,1.208,7.4,3.2,43.4,2.0,15.6,0.4,0.117,0.437,0.297,0.688
0.75,2.03,1.87,5.5,4.2,1.57,2020-11-28T12:30:00.000Z,10204,8650,True,1,1,1,2.0,2.214,16.4,6.8,58.6,3.8,33.0,1.0,1.208,9.2,3.2,41.4,2.0,17.4,2.2,0.122,0.294,0.109,0.312,1.0,1.09,11.4,2.8,55.4,1.2,29.6,1.0,1.01,7.6,2.4,44.6,1.6,16.6,1.2,0.088,0.357,0.132,0.417
-0.25,2.11,1.82,2.45,3.4,2.9,2020-12-07T20:00:00.000Z,10204,8466,True,1,2,0,2.2,0.72,10.8,5.0,52.8,0.6,17.0,1.4,1.26,12.8,5.8,47.2,2.4,23.2,2.0,0.204,0.44,0.109,0.241,1.0,1.196,9.6,2.8,50.2,1.8,26.0,1.0,0.9,8.6,2.6,49.8,1.4,17.6,1.2,0.104,0.357,0.116,0.385
0,2.15,1.79,2.87,3.3,2.5,2020-12-16T20:00:00.000Z,10204,9879,False,0,0,1,0.8,1.602,12.2,3.4,47.6,2.4,25.8,1.4,1.074,10.0,3.2,52.4,1.6,20.8,1.0,0.066,0.235,0.14,0.437,1.0,1.548,10.6,4.0,37.8,2.6,18.8,1.6,1.838,13.6,5.6,62.2,3.2,27.4,0.8,0.094,0.25,0.118,0.286
-0.25,1.87,2.06,2.05,3.4,3.6,2020-12-16T20:00:00.000Z,9826,8654,False,1,1,1,2.0,1.272,14.2,5.2,47.8,1.8,28.0,1.2,1.04,11.2,4.8,52.2,1.8,17.2,1.4,0.141,0.385,0.107,0.25,1.4,1.458,15.0,5.2,42.2,2.6,24.2,1.0,1.68,13.2,5.4,57.8,2.2,21.0,2.4,0.093,0.269,0.076,0.185
-0.75,2.06,1.87,1.75,3.8,4.5,2020-12-16T20:00:00.000Z,8650,8586,True,2,1,2,1.2,0.804,9.4,3.4,44.0,1.4,13.2,0.2,1.072,14.8,3.4,56.0,1.0,30.4,2.2,0.128,0.353,0.014,0.059,2.0,1.548,12.6,6.0,59.4,2.6,23.6,0.6,1.432,9.6,3.4,40.6,2.4,19.2,1.8,0.159,0.333,0.062,0.176
-0.5,1.93,2,1.65,3.75,5.5,2020-12-20T12:00:00.000Z,10204,8657,True,1,1,1,0.6,1.208,9.8,3.4,40.8,1.8,19.4,2.0,1.758,15.2,5.6,59.2,2.8,23.2,0.0,0.061,0.176,0.132,0.357,0.8,1.404,10.2,3.6,46.6,2.4,19.2,1.4,1.178,11.0,3.8,53.4,2.0,21.4,1.0,0.078,0.222,0.127,0.368
-0.25,2.06,1.87,2.3,3.4,3.1,2020-12-27T14:15:00.000Z,10204,8654,False,2,2,1,0.6,1.694,13.0,4.0,52.4,2.6,22.8,1.4,0.946,9.0,3.6,47.6,1.4,17.4,0.6,0.046,0.15,0.156,0.389,1.2,0.934,11.8,3.6,41.4,2.0,22.0,1.8,1.784,12.6,5.6,58.6,3.0,22.0,1.4,0.102,0.333,0.143,0.321
0,1.97,1.93,2.62,3.25,2.75,2021-01-02T17:30:00.000Z,10204,8602,True,3,3,1,0.8,0.89,12.6,5.0,51.2,0.6,21.6,1.2,1.212,10.6,3.0,48.8,1.6,26.6,0.8,0.063,0.16,0.113,0.4,0.6,1.26,13.6,3.8,56.0,1.8,22.4,1.4,1.096,10.2,4.0,44.0,1.6,19.2,0.6,0.044,0.158,0.137,0.35
-2,2.08,1.82,1.14,8.5,16,2021-01-13T18:00:00.000Z,10204,8456,False,0,1,0,1.2,1.522,13.8,3.8,57.6,2.2,26.0,1.4,1.098,9.4,3.6,42.4,1.6,16.0,0.8,0.087,0.316,0.149,0.389,1.4,2.016,15.0,5.2,60.6,4.2,31.2,0.4,0.59,8.2,2.0,39.4,0.6,13.6,2.2,0.093,0.269,0.049,0.2
-1,-1,-1,-1,-1,-1,2021-01-16T15:00:00.000Z,10204,8463,False,1,0,2,1.2,1.464,13.0,3.2,53.8,1.8,25.0,1.6,1.304,10.8,4.0,46.2,2.0,22.4,0.6,0.092,0.375,0.148,0.4,2.6,1.756,17.0,5.8,63.4,2.4,30.4,2.2,1.976,14.8,6.4,36.6,3.2,27.6,1.8,0.153,0.448,0.149,0.344
-0.75,2.03,1.9,1.8,3.5,4.75,2021-01-16T15:00:00.000Z,8191,8654,False,0,1,0,0.6,1.102,9.2,3.4,40.0,1.6,19.4,0.6,1.354,14.6,4.8,60.0,1.4,24.0,1.4,0.065,0.176,0.041,0.125,0.8,0.936,9.0,2.8,43.8,1.2,23.6,1.2,1.074,10.0,3.6,56.2,2.2,22.0,1.2,0.089,0.286,0.12,0.333
-0.5,2.11,1.82,2.05,3.4,3.75,2021-01-27T19:30:00.000Z,10204,9879,True,0,0,1,0.6,0.884,11.6,3.4,42.6,1.2,19.0,1.0,1.492,13.2,4.8,57.4,2.8,22.4,0.6,0.052,0.176,0.076,0.208,1.2,1.162,10.2,2.6,45.6,1.2,20.6,1.4,1.256,11.2,3.8,54.4,1.8,24.4,1.0,0.118,0.462,0.125,0.368
0.25,1.89,2.04,3.2,3.4,2.25,2021-01-31T19:15:00.000Z,10204,8586,True,1,0,2,1.8,1.338,11.6,4.6,48.4,2.6,22.0,1.2,1.28,14.6,5.4,51.6,1.6,26.2,1.6,0.155,0.391,0.082,0.222,0.8,1.328,10.8,2.8,44.4,1.4,23.8,1.0,1.096,11.0,3.6,55.6,1.4,22.2,1.0,0.074,0.286,0.091,0.278
0.25,1.99,1.94,3.6,3.1,2.2,2021-02-06T15:00:00.000Z,10204,8191,False,1,1,1,0.6,1.29,11.4,3.4,39.6,1.2,27.0,0.2,0.834,10.4,3.2,60.4,1.2,23.6,2.0,0.053,0.176,0.019,0.062,0.8,0.468,5.8,2.2,35.2,0.4,12.4,1.4,1.78,18.4,6.8,64.8,2.4,36.4,1.2,0.138,0.364,0.076,0.206
0.25,1.99,1.94,3,3.3,2.4,2021-02-06T15:00:00.000Z,10261,8466,True,3,2,2,0.4,0.848,10.2,3.4,45.8,1.6,18.0,3.0,2.236,14.8,5.8,54.2,3.6,36.4,0.6,0.039,0.118,0.203,0.517,0.8,1.12,13.4,3.0,43.4,1.4,18.6,1.8,1.376,12.0,3.8,56.6,1.6,22.6,0.6,0.06,0.267,0.15,0.474
-0.75,2.06,1.87,1.7,3.5,5.5,2021-02-22T20:00:00.000Z,10204,9826,True,1,2,0,1.0,0.752,8.8,2.8,45.0,0.8,19.8,1.8,1.712,15.4,5.4,55.0,2.8,24.2,1.2,0.114,0.357,0.117,0.333,0.6,1.528,16.2,5.0,46.8,1.4,30.4,0.2,0.764,10.6,3.2,53.2,0.8,20.4,1.8,0.037,0.12,0.019,0.062
0.5,2.08,1.85,4.2,3.3,1.95,2021-02-27T15:00:00.000Z,10204,8659,False,0,1,0,0.8,1.632,18.0,5.0,51.6,1.4,33.2,0.6,0.712,9.2,3.0,48.4,0.8,17.8,1.6,0.044,0.16,0.065,0.2,0.8,1.142,6.8,2.8,33.8,2.2,14.8,1.4,1.026,11.0,5.4,66.2,1.8,25.6,0.6,0.118,0.286,0.127,0.259
0,1.73,2.08,2.55,3.25,2.8,2021-03-06T20:00:00.000Z,10204,8197,True,1,2,0,1.4,1.058,12.8,4.6,49.8,1.8,19.2,1.2,1.722,12.6,3.6,50.2,2.2,22.4,1.6,0.109,0.304,0.095,0.333,0.6,1.9,17.8,5.2,57.0,2.0,28.8,0.8,0.796,8.8,2.6,43.0,1.0,17.2,1.0,0.034,0.115,0.091,0.308
0.25,1.87,2.06,2.9,3.1,2.5,2021-03-14T12:00:00.000Z,10204,8466,False,2,1,2,0.6,1.8,16.6,4.8,57.0,2.0,30.2,1.2,0.772,8.2,3.2,43.0,1.0,15.4,0.4,0.036,0.125,0.146,0.375,1.0,1.144,10.4,4.0,45.2,2.0,16.4,2.0,1.404,10.4,4.6,54.8,2.4,22.4,0.8,0.096,0.25,0.192,0.435
-0.75,2.01,1.92,1.66,3.5,6,2021-03-20T20:00:00.000Z,10204,10261,True,3,0,2,0.6,0.916,12.0,5.0,41.2,1.0,20.0,1.4,1.592,15.0,5.2,58.8,2.4,28.2,0.6,0.05,0.12,0.093,0.269,0.8,1.852,16.2,5.6,56.0,2.4,30.8,1.2,0.522,6.0,2.6,44.0,0.8,12.6,0.8,0.049,0.143,0.2,0.462
-0.75,1.88,2.05,1.61,4,5.5,2021-04-04T18:30:00.000Z,10204,10260,False,1,2,0,1.4,1.588,13.2,5.0,57.4,2.2,28.4,1.2,0.514,5.8,2.6,42.6,0.8,11.4,1.2,0.106,0.28,0.207,0.462,1.2,1.274,12.0,4.4,54.6,1.4,21.2,0.2,0.84,13.2,4.0,45.4,0.8,19.6,2.2,0.1,0.273,0.015,0.05
-0.25,1.85,2.08,2.25,3.3,3.3,2021-04-12T19:15:00.000Z,10204,8668,True,0,0,1,0.8,1.312,10.8,3.2,49.4,2.6,17.6,1.0,1.108,13.2,4.8,50.6,2.2,22.6,1.4,0.074,0.25,0.076,0.208,1.4,1.32,9.2,4.6,51.0,2.2,21.0,1.2,0.764,8.2,3.6,49.0,1.6,17.4,1.2,0.152,0.304,0.146,0.333
-0.75,1.91,1.99,1.57,4,6,2021-04-20T19:15:00.000Z,10204,8455,False,0,0,1,1.4,0.966,10.8,4.0,48.0,1.4,22.4,1.0,0.682,8.6,3.4,52.0,1.4,18.0,1.4,0.13,0.35,0.116,0.294,1.8,1.91,17.2,8.0,60.8,3.2,27.4,1.2,0.604,7.2,2.8,39.2,0.8,13.2,2.0,0.105,0.225,0.167,0.429
1,1.82,2.11,5.25,3.4,1.75,2021-04-24T19:00:00.000Z,10204,8657,False,0,1,0,1.2,0.902,11.6,4.0,47.8,1.2,19.8,0.6,0.652,8.4,3.4,52.2,1.2,18.8,1.6,0.103,0.3,0.071,0.176,0.2,0.546,6.6,1.4,44.4,0.8,11.8,2.6,2.236,16.2,7.0,55.6,3.6,26.8,0.0,0.03,0.143,0.16,0.371
-1,-1,-1,-1,-1,-1,2021-05-01T14:00:00.000Z,10204,8463,True,2,0,2,1.4,1.282,11.2,4.4,47.6,2.0,21.0,0.8,1.504,16.8,5.0,52.4,1.2,31.2,2.2,0.125,0.318,0.048,0.16,0.8,1.148,13.4,3.6,53.2,1.4,22.6,0.6,0.686,8.0,3.2,46.8,1.2,16.0,1.0,0.06,0.222,0.075,0.187
0.5,1.87,2.06,3.3,3.3,2.2,2021-05-09T11:00:00.000Z,10204,8602,False,1,2,0,0.6,1.42,14.6,3.4,48.6,2.0,21.96,0.6,0.79,9.6,3.4,51.4,1.2,18.96,1.0,0.041,0.176,0.062,0.176,1.0,1.038,13.8,5.0,56.2,1.0,17.76,1.6,1.142,11.0,4.4,43.8,2.0,19.76,1.4,0.072,0.2,0.145,0.364
0.25,2.03,1.9,2.9,3.6,2.3,2021-05-15T19:00:00.000Z,10204,8654,True,1,1,1,1.4,1.356,12.4,3.2,53.8,2.0,15.8,1.6,1.894,13.0,5.0,46.2,2.0,30.28,1.2,0.113,0.437,0.123,0.32,0.6,1.25,14.6,3.4,48.0,1.4,23.48,0.6,0.718,9.8,3.2,52.0,0.6,15.76,1.0,0.041,0.176,0.061,0.187
1.25,1.86,2.07,7,4.5,1.45,2021-05-18T18:00:00.000Z,10204,8456,True,3,2,2,2.0,1.69,18.6,4.6,68.6,1.8,38.888,1.6,0.936,8.4,3.8,31.4,1.2,10.664,1.8,0.108,0.435,0.19,0.421,0.8,1.182,12.0,3.2,47.2,1.8,21.072,0.8,0.986,11.2,3.6,52.8,1.2,16.752,1.0,0.067,0.25,0.071,0.222
-1,1.98,1.95,1.61,4,5.5,2020-09-20T18:00:00.000Z,8191,8197,False,2,4,0,0.0,0.0,0.0,0.0,0.0,0.0,0.0,0.0,0.0,0.0,0.0,0.0,0.0,0.0,0.0,0.0,0.0,0.0,0.0,3.0,2.83,13.0,7.0,64.0,4.0,0.0,0.0,0.42,7.0,1.0,36.0,0.0,0.0,3.0,0.231,0.429,0.0,0.0
0.25,1.95,1.95,3.2,3.3,2.3,2020-09-26T19:00:00.000Z,8191,8466,True,0,1,0,1.0,1.505,11.5,6.0,61.5,2.5,0.0,3.0,1.6,7.0,4.5,38.5,3.5,0.0,0.0,0.087,0.167,0.429,0.667,2.0,1.39,16.0,5.0,32.0,2.0,0.0,4.0,1.22,14.0,6.0,68.0,1.0,0.0,0.0,0.125,0.4,0.286,0.667
-0.25,2.07,1.86,2.4,3.2,3.1,2020-10-03T19:00:00.000Z,8191,10261,False,1,3,0,1.0,0.945,13.0,3.5,42.5,1.0,12.0,2.5,0.925,9.5,3.5,57.5,1.0,6.0,0.0,0.077,0.286,0.263,0.714,1.0,1.033,9.0,1.0,41.0,1.0,4.667,1.333,1.94,17.0,7.0,59.0,2.0,12.333,1.333,0.111,1.0,0.078,0.19
0,1.87,2.03,2.45,3.3,2.9,2020-10-19T16:30:00.000Z,8191,8659,False,0,0,1,1.0,0.773,11.0,3.333,45.667,0.667,18.0,2.667,1.227,9.667,4.0,54.333,1.667,11.0,0.0,0.091,0.3,0.276,0.667,1.25,0.383,6.75,2.5,31.75,0.25,5.0,3.25,2.518,16.25,7.75,68.25,3.0,14.5,0.25,0.185,0.5,0.2,0.419
1,1.89,2.04,5.75,4,1.6,2020-10-26T20:00:00.000Z,8191,8586,True,0,1,0,3.0,2.274,14.8,7.4,55.8,4.0,15.0,1.6,1.436,10.6,3.6,44.2,1.6,11.6,1.6,0.203,0.405,0.151,0.444,0.75,0.853,10.5,3.5,45.0,1.0,17.5,2.0,1.127,10.5,4.5,55.0,1.25,13.75,0.25,0.071,0.214,0.19,0.444
1,1.83,2.07,6,4.5,1.5,2020-10-31T15:00:00.000Z,8191,8455,True,0,3,0,2.0,1.526,12.2,5.0,57.8,1.8,19.8,1.6,1.078,11.6,3.8,42.2,1.2,12.6,1.2,0.164,0.4,0.138,0.421,0.6,0.884,11.0,3.6,43.6,1.0,16.0,1.8,1.022,10.2,4.2,56.4,1.2,15.8,0.2,0.055,0.167,0.176,0.429
0,1.86,2.07,2.75,3.1,2.75,2020-11-23T17:30:00.000Z,8191,9826,True,1,0,2,1.4,1.008,8.0,3.8,37.8,1.8,17.6,1.8,1.526,15.4,4.0,62.2,1.6,27.6,1.4,0.175,0.368,0.117,0.45,0.2,0.698,7.6,2.4,42.0,0.8,14.6,1.4,1.122,13.0,5.2,58.0,1.6,28.4,0.4,0.026,0.083,0.108,0.269
-2.5,1.98,1.92,1.16,7.5,16,2020-11-28T15:00:00.000Z,8191,8456,False,0,5,0,0.2,0.902,8.2,2.6,40.8,1.6,11.6,0.8,1.07,14.0,5.2,59.2,1.4,30.2,1.0,0.024,0.077,0.057,0.154,0.8,1.362,14.4,5.4,62.8,2.0,32.2,0.8,0.718,6.8,2.2,37.2,1.0,14.0,1.6,0.056,0.148,0.118,0.364
0.5,1.82,2.11,4,3.5,1.9,2020-12-05T12:30:00.000Z,8191,8668,True,1,1,1,1.0,1.092,10.4,4.4,50.2,1.4,22.2,2.0,2.064,14.8,5.4,49.8,3.2,24.0,0.6,0.096,0.227,0.135,0.37,0.2,0.782,8.2,2.0,38.4,1.2,11.0,1.8,1.244,15.2,5.2,61.6,1.8,32.0,0.8,0.024,0.1,0.118,0.346
0.25,1.9,2.03,3.5,3.25,2.2,2020-12-21T17:30:00.000Z,8191,8602,True,2,1,2,1.0,1.072,13.6,5.6,44.6,1.2,22.8,1.6,1.234,11.4,3.0,55.4,1.8,29.2,1.4,0.074,0.179,0.14,0.533,0.6,0.906,8.6,2.8,38.8,1.2,14.0,1.2,1.766,18.4,6.0,61.2,2.4,33.0,1.6,0.07,0.214,0.065,0.2
-1,-1,-1,-1,-1,-1,2020-12-27T12:00:00.000Z,8191,8463,False,0,1,0,0.8,0.962,8.6,2.8,36.8,0.8,15.0,1.4,1.748,18.4,5.6,63.2,2.2,31.0,1.6,0.093,0.286,0.076,0.25,2.0,2.014,17.2,6.0,60.6,2.6,30.4,2.6,2.402,18.6,9.0,39.4,4.2,28.0,1.2,0.116,0.333,0.14,0.289
1.25,2.02,1.91,7,4.5,1.45,2021-01-12T20:15:00.000Z,8191,10260,True,0,1,0,2.8,2.186,16.0,7.8,50.8,4.4,27.4,1.4,1.21,12.6,4.4,49.2,1.4,23.6,2.6,0.175,0.359,0.111,0.318,0.8,1.216,9.0,3.8,39.6,1.4,19.4,0.4,1.448,15.6,4.6,60.4,1.8,26.0,2.0,0.089,0.211,0.026,0.087
0,1.82,2.11,2.45,3.1,3.1,2021-01-12T20:15:00.000Z,8668,8602,False,2,1,2,1.2,0.876,9.2,3.4,45.0,1.0,16.4,0.4,1.126,11.6,2.8,55.0,1.4,25.6,2.4,0.13,0.353,0.034,0.143,1.4,0.978,11.6,4.4,50.4,0.8,19.6,1.6,1.376,10.6,3.4,49.6,2.0,25.8,1.0,0.121,0.318,0.151,0.471
-1.25,1.83,2.1,1.18,7.5,15,2021-01-21T20:00:00.000Z,8191,8650,False,1,0,2,0.6,1.13,10.0,3.0,42.8,1.6,21.4,0.8,1.394,12.2,4.2,57.2,1.4,21.2,1.2,0.06,0.2,0.066,0.19,1.6,1.638,15.2,3.6,69.8,2.6,37.8,0.4,0.574,6.6,3.0,30.2,1.4,12.2,1.2,0.105,0.444,0.061,0.133
-1.5,2.08,1.73,1.33,5,9.5,2021-01-31T12:00:00.000Z,8191,8455,False,0,2,0,1.0,0.796,8.4,2.8,39.0,1.2,14.2,0.8,1.504,16.0,6.0,61.0,1.8,29.6,1.8,0.119,0.357,0.05,0.133,0.6,1.134,13.8,4.6,66.2,0.8,27.4,1.2,1.196,10.0,3.4,33.8,2.6,17.8,1.0,0.043,0.13,0.12,0.353
2,1.75,2.05,13,7,1.2,2021-02-03T18:00:00.000Z,8191,8456,True,0,2,0,2.6,1.924,17.0,6.6,71.8,2.6,42.2,0.0,0.33,5.2,1.4,28.2,0.2,11.0,3.0,0.153,0.394,0.0,0.0,0.8,0.634,7.6,2.2,37.4,0.8,13.6,1.2,1.608,18.4,7.0,62.6,2.0,36.6,1.2,0.105,0.364,0.065,0.171
0.5,1.82,2.11,4,3.5,1.9,2021-02-03T18:00:00.000Z,9879,8197,True,0,2,0,1.6,1.434,14.0,5.6,51.2,2.2,21.4,1.0,0.88,8.2,3.8,48.8,1.0,15.2,2.0,0.114,0.286,0.122,0.263,0.8,0.906,11.8,4.4,45.6,1.2,17.4,1.2,1.774,14.4,5.0,54.4,3.4,28.8,0.6,0.068,0.182,0.083,0.24
0,2.03,1.9,2.37,3.1,3.2,2021-02-13T15:00:00.000Z,8191,9826,False,3,0,2,1.0,0.738,7.8,3.2,35.0,0.8,16.6,1.4,1.534,17.4,6.4,65.0,2.2,33.2,1.4,0.128,0.312,0.08,0.219,1.0,0.66,6.6,2.2,40.0,0.8,15.2,2.0,1.558,14.8,5.8,60.0,2.6,25.6,1.2,0.152,0.455,0.135,0.345
0,2.11,1.79,2.75,3.2,2.7,2021-02-17T18:00:00.000Z,8191,9879,True,1,1,1,0.8,1.282,12.4,3.2,56.2,1.8,23.4,0.8,1.156,9.0,3.2,43.8,1.6,19.2,1.2,0.065,0.25,0.089,0.25,1.4,0.814,9.8,3.2,38.8,1.0,18.2,1.4,1.316,14.6,5.8,61.2,2.0,29.8,1.4,0.143,0.437,0.096,0.241
-0.25,1.88,2.05,2,3.3,4,2021-02-20T15:00:00.000Z,8191,8659,True,0,0,1,0.8,0.938,5.6,2.4,30.6,1.8,14.6,2.4,1.3,13.4,6.6,69.4,2.0,30.2,0.4,0.143,0.333,0.179,0.364,1.0,0.898,9.4,2.8,40.4,1.4,19.6,1.2,0.962,12.6,4.4,59.6,1.0,25.8,1.0,0.106,0.357,0.095,0.273
-1,1.88,2.05,1.53,4,6.5,2021-02-28T14:00:00.000Z,8191,8586,False,0,4,0,1.0,0.958,10.4,3.0,47.0,1.6,20.6,0.8,1.04,10.8,3.4,53.0,1.2,18.8,1.2,0.096,0.333,0.074,0.235,0.6,0.776,11.0,3.8,54.8,1.0,18.4,1.4,1.42,11.0,3.6,45.2,1.6,32.6,0.6,0.055,0.158,0.127,0.389
-0.5,2.05,1.88,1.83,3.5,4.5,2021-03-13T17:30:00.000Z,8191,8668,False,2,1,2,0.6,0.994,9.0,3.8,46.0,2.0,16.8,1.4,1.592,13.0,4.0,54.0,2.4,19.6,0.8,0.067,0.158,0.108,0.35,1.0,1.074,7.4,2.6,38.4,1.8,12.4,1.0,1.276,14.0,5.2,61.6,2.4,28.0,1.8,0.135,0.385,0.071,0.192
-0.5,2.03,1.9,2.05,3.3,3.8,2021-04-04T11:00:00.000Z,8191,8466,False,2,3,0,0.8,0.97,10.2,4.2,43.6,1.6,17.2,1.4,1.788,14.2,4.2,56.4,3.0,21.4,1.2,0.078,0.19,0.099,0.333,1.0,1.14,11.4,4.6,51.2,2.0,20.6,2.2,1.318,10.2,5.2,48.8,2.4,20.2,0.6,0.088,0.217,0.216,0.423
-0.25,1.95,1.98,2.3,3.1,3.4,2021-04-11T11:00:00.000Z,8191,10261,True,1,2,0,0.8,1.558,13.0,4.4,44.0,2.2,22.4,1.4,1.514,12.8,4.8,56.0,2.0,24.2,0.8,0.062,0.182,0.109,0.292,1.2,1.174,10.4,5.0,40.6,1.8,18.8,2.0,1.916,17.0,5.4,59.4,3.2,26.0,1.0,0.115,0.24,0.118,0.37
-1.25,1.87,2.06,1.33,5.25,9,2021-04-18T15:00:00.000Z,8191,10260,False,1,3,0,1.4,1.448,13.2,5.2,43.6,1.8,24.0,1.6,1.744,15.8,5.0,56.4,3.0,27.2,1.0,0.106,0.269,0.101,0.32,1.6,1.562,12.2,5.0,54.0,2.4,25.6,0.4,0.958,11.0,2.8,46.0,1.4,21.4,2.6,0.131,0.32,0.036,0.143
-0.25,2.05,1.88,2,3.4,3.9,2021-04-25T11:00:00.000Z,8191,8602,False,4,0,2,1.4,1.268,12.8,4.4,42.0,1.6,23.6,2.0,2.046,16.0,6.0,58.0,3.6,31.8,0.8,0.109,0.318,0.125,0.333,0.8,1.304,11.4,4.0,53.6,2.0,18.8,0.8,0.798,10.4,3.2,46.4,1.4,20.8,1.4,0.07,0.2,0.077,0.25
0.25,1.87,2.06,3.1,3.6,2.2,2021-05-03T19:15:00.000Z,8191,8654,True,1,2,0,2.2,1.364,10.6,4.6,43.2,2.4,16.8,2.2,1.844,16.8,6.2,56.8,2.2,29.8,1.4,0.208,0.478,0.131,0.355,2.0,1.452,13.8,4.8,42.0,1.8,24.0,1.8,1.628,15.4,5.8,58.0,2.8,26.6,1.2,0.145,0.417,0.117,0.31
-0.25,1.95,1.98,2.2,3.4,3.3,2021-05-10T19:00:00.000Z,8191,9879,False,2,0,2,1.8,1.734,12.6,4.4,44.2,2.0,24.72,2.0,1.79,17.0,5.8,55.8,2.6,28.56,0.6,0.143,0.409,0.118,0.345,0.6,0.93,11.0,4.0,46.0,0.8,21.36,1.8,1.542,12.2,4.2,54.0,2.2,23.08,0.2,0.055,0.15,0.148,0.429
-1,-1,-1,-1,-1,-1,2021-05-15T11:30:00.000Z,8191,8463,True,0,4,0,1.2,1.172,9.4,3.8,49.2,1.8,18.4,1.0,1.588,18.0,5.2,50.8,1.8,35.96,1.6,0.128,0.316,0.056,0.192,1.8,1.764,14.0,4.4,41.2,2.2,24.92,1.4,1.552,16.4,4.6,58.8,1.8,27.08,1.2,0.129,0.409,0.085,0.304
1.75,1.96,1.97,11,7,1.22,2021-05-19T19:15:00.000Z,8191,8650,True,0,3,0,2.0,2.066,19.2,7.2,56.6,3.8,37.072,1.0,1.506,11.6,4.2,43.4,3.4,20.384,2.2,0.104,0.278,0.086,0.238,1.6,1.616,12.4,4.4,39.4,2.6,21.264,1.8,1.61,17.6,4.8,60.6,2.0,28.992,1.2,0.129,0.364,0.102,0.375
1,1.73,2.08,5,4.33,1.6,2021-05-19T19:15:00.000Z,8659,8654,True,1,3,0,1.0,1.538,14.6,3.0,56.4,2.2,17.048,1.4,1.882,12.0,4.4,43.6,2.4,26.944,0.8,0.068,0.333,0.117,0.318,1.0,1.186,9.0,2.6,31.4,2.2,17.76,2.2,1.846,20.4,8.2,68.6,2.2,33.08,0.4,0.111,0.385,0.108,0.268
0.25,2.07,1.86,3.1,3.6,2.2,2020-09-20T15:30:00.000Z,8455,8650,True,0,2,0,4.0,2.76,22.0,6.0,49.0,3.0,0.0,3.0,0.32,6.0,3.0,51.0,0.0,0.0,3.0,0.182,0.667,0.5,1.0,3.0,1.22,10.0,5.0,48.0,1.0,0.0,1.0,1.05,13.0,3.0,52.0,2.0,0.0,3.0,0.3,0.6,0.077,0.333
1.25,1.89,2.01,9,4.75,1.36,2020-09-26T16:30:00.000Z,8455,8659,False,3,3,1,1.5,1.075,7.5,4.0,43.5,1.0,0.0,1.5,1.585,15.5,4.5,56.5,2.5,0.0,1.5,0.2,0.375,0.097,0.333,1.0,0.38,6.5,2.5,32.5,0.0,0.0,4.0,3.4,15.0,7.0,67.5,4.0,0.0,0.0,0.154,0.4,0.267,0.571
-1,1.93,2,1.4,4.75,8,2020-10-03T11:30:00.000Z,8455,9826,True,4,0,2,1.667,1.067,9.0,3.0,31.667,2.0,6.333,1.0,1.353,12.0,4.667,68.333,2.333,5.0,2.0,0.185,0.556,0.083,0.214,2.0,1.397,12.333,6.0,54.333,1.667,12.0,2.0,1.25,13.333,4.0,45.667,2.0,3.667,1.333,0.162,0.333,0.15,0.5
-1,2,1.9,1.45,4.75,6.5,2020-10-17T14:00:00.000Z,8455,8466,True,3,3,1,1.25,1.218,10.25,5.0,58.0,1.75,8.5,1.5,0.973,7.25,3.25,42.0,1.75,8.25,1.5,0.122,0.25,0.207,0.462,2.5,1.718,13.5,6.0,58.5,2.0,14.25,1.5,0.975,11.0,3.0,41.5,1.5,5.75,1.75,0.185,0.417,0.136,0.5
0,1.93,2,2.37,3.6,2.8,2020-10-24T16:30:00.000Z,8455,10260,False,0,0,1,2.6,1.726,13.0,5.8,57.4,2.0,17.6,1.8,1.156,11.4,3.6,42.6,1.6,8.6,1.6,0.2,0.448,0.158,0.5,2.25,1.505,14.25,5.75,56.25,1.75,18.75,3.0,2.143,15.25,5.5,43.75,3.75,17.25,1.5,0.158,0.391,0.197,0.545
-1.25,1.86,2.07,1.36,5,8.5,2020-11-07T17:30:00.000Z,8455,8657,True,4,1,2,0.6,1.06,9.2,3.0,37.4,1.6,21.4,1.4,1.43,14.2,6.6,62.6,2.4,25.8,0.2,0.065,0.2,0.099,0.212,2.6,1.516,14.0,6.2,62.8,2.0,24.8,1.2,0.754,9.0,2.6,37.2,0.8,14.0,1.8,0.186,0.419,0.133,0.462
1.25,1.92,2.01,6.5,4.75,1.45,2020-11-21T12:30:00.000Z,8455,10261,False,2,0,2,2.8,1.552,13.6,6.0,61.6,2.2,24.8,0.8,0.724,8.4,2.6,38.4,0.8,13.4,2.2,0.206,0.467,0.095,0.308,1.4,1.248,7.4,3.4,39.6,1.6,12.0,1.8,1.124,16.2,6.4,60.4,0.6,26.6,1.4,0.189,0.412,0.111,0.281
-0.5,2.02,1.88,2.05,3.5,3.6,2020-11-29T16:30:00.000Z,8455,8586,True,0,0,1,1.8,1.33,10.4,3.8,49.8,2.4,17.0,0.8,1.098,13.2,3.4,50.2,1.0,27.2,2.6,0.173,0.474,0.061,0.235,2.4,1.308,13.0,5.4,61.6,2.4,26.2,0.8,0.764,9.2,2.8,38.4,0.8,12.8,2.2,0.185,0.444,0.087,0.286
-1,-1,-1,-1,-1,-1,2020-12-05T20:00:00.000Z,8455,8463,True,3,1,2,1.2,2.152,19.0,5.2,63.2,2.8,33.0,1.6,1.452,11.2,5.6,36.8,2.8,22.4,1.4,0.063,0.231,0.143,0.286,1.8,1.122,13.4,5.0,63.0,2.0,23.6,0.2,0.426,7.6,1.8,37.0,0.4,11.6,2.2,0.134,0.36,0.026,0.111
0.75,2.05,1.88,4.33,4.2,1.7,2020-12-12T20:00:00.000Z,8455,8668,False,0,1,0,2.4,1.92,16.8,7.0,62.2,3.4,28.4,0.4,0.452,6.4,1.6,37.8,0.6,10.6,2.6,0.143,0.343,0.062,0.25,1.2,1.496,11.8,5.2,52.8,2.2,23.8,1.8,2.09,13.8,4.8,47.2,3.4,22.6,0.8,0.102,0.231,0.13,0.375
0.75,1.98,1.95,5.25,3.8,1.66,2020-12-15T18:00:00.000Z,8455,8602,False,1,2,0,1.8,1.876,16.0,5.8,63.8,3.2,27.8,0.6,0.596,7.2,2.4,36.2,0.6,12.4,2.0,0.113,0.31,0.083,0.25,0.6,1.138,12.8,5.2,45.6,1.4,23.2,1.6,1.416,10.8,3.0,54.4,1.8,24.8,0.8,0.047,0.115,0.148,0.533
-1,2.06,1.87,1.44,5,6.25,2020-12-21T20:00:00.000Z,8455,8654,True,3,0,2,1.4,1.284,13.6,4.2,42.0,2.4,22.2,1.2,1.548,12.2,5.2,58.0,2.2,20.6,2.0,0.103,0.333,0.098,0.231,1.2,1.642,14.6,4.6,60.8,2.8,27.6,0.8,0.61,8.4,2.6,39.2,0.4,14.0,1.4,0.082,0.261,0.095,0.308
0.25,2.03,1.87,3,3.7,2.2,2021-01-03T16:30:00.000Z,8455,8456,True,1,3,0,1.2,2.054,14.4,5.0,65.4,4.2,33.0,0.2,0.48,7.6,1.8,34.6,0.4,10.4,2.2,0.083,0.24,0.026,0.111,1.2,1.634,13.8,4.2,61.0,2.6,29.2,1.4,0.978,10.4,3.4,39.0,1.0,20.6,0.8,0.087,0.286,0.135,0.412
1,1.89,2.04,6.5,4.33,1.5,2021-01-16T17:30:00.000Z,8455,9879,False,1,0,2,1.4,1.67,13.6,4.0,57.6,2.6,29.2,1.8,1.268,12.2,3.8,42.4,2.0,23.0,0.8,0.103,0.35,0.148,0.474,0.6,1.056,11.0,3.6,43.2,2.0,19.2,0.6,1.288,10.2,4.6,56.8,2.8,18.0,1.0,0.055,0.167,0.059,0.13
0,2.05,1.85,2.87,3.4,2.45,2021-01-19T20:15:00.000Z,8455,8197,False,0,2,0,1.4,1.784,15.2,4.6,60.6,2.6,30.2,1.4,1.308,11.8,3.6,39.4,2.2,23.4,1.4,0.092,0.304,0.119,0.389,1.8,1.47,13.8,3.4,53.8,1.6,22.2,0.8,0.798,7.4,2.6,46.2,1.4,16.4,2.2,0.13,0.529,0.108,0.308
0.5,1.92,2.01,3.5,3.4,2.1,2021-02-04T20:00:00.000Z,8455,8586,False,1,0,2,0.8,1.016,14.4,5.2,67.8,1.0,30.6,1.0,1.096,8.2,3.0,32.2,2.4,16.2,1.4,0.056,0.154,0.122,0.333,1.6,1.336,12.0,4.8,50.8,2.6,22.0,1.2,1.43,15.6,5.2,49.2,1.6,30.2,1.4,0.133,0.333,0.077,0.231
1,2.01,1.92,7,4.5,1.45,2021-02-07T19:15:00.000Z,8455,8657,False,2,1,2,0.8,1.162,15.8,5.2,68.4,1.0,33.2,0.4,0.682,6.0,2.2,31.6,1.4,13.2,2.0,0.051,0.154,0.067,0.182,1.2,1.086,11.0,3.8,45.0,0.8,21.2,1.2,1.162,11.0,4.2,55.0,1.8,23.6,1.8,0.109,0.316,0.109,0.286
-1.5,1.91,2.02,1.22,6.5,12,2021-02-15T20:00:00.000Z,8455,10261,True,2,0,2,1.4,1.224,13.8,3.6,41.8,1.6,20.0,1.6,1.16,10.8,3.6,58.2,1.4,22.8,1.2,0.101,0.389,0.148,0.444,1.0,1.158,13.4,4.6,68.2,1.2,30.4,0.6,0.672,5.6,2.2,31.8,1.4,13.4,2.0,0.075,0.217,0.107,0.273
0.75,1.77,2.02,5,3.8,1.7,2021-02-20T12:30:00.000Z,8455,8466,False,1,1,1,1.4,1.45,15.2,4.8,68.6,2.0,35.0,0.2,0.508,6.0,1.8,31.4,0.6,12.2,2.6,0.092,0.292,0.033,0.111,0.8,1.08,11.4,3.8,53.6,2.0,23.4,3.6,1.866,11.4,6.2,46.4,3.0,25.8,0.0,0.07,0.211,0.316,0.581
-0.25,2.05,1.85,2.15,3.4,3.4,2021-02-28T16:30:00.000Z,8455,10260,True,0,0,1,3.2,2.076,15.4,7.2,67.8,3.0,34.4,1.0,0.846,8.6,3.2,32.2,1.2,12.2,1.8,0.208,0.444,0.116,0.312,1.6,1.556,14.2,4.4,67.0,2.4,33.8,0.4,0.52,6.0,2.0,33.0,0.6,12.0,2.6,0.113,0.364,0.067,0.2
-0.25,1.95,1.98,2.25,3.6,3,2021-03-04T20:15:00.000Z,8455,8650,False,1,0,2,1.2,1.534,14.0,4.0,64.4,2.2,27.4,0.4,0.56,8.0,2.8,35.6,0.6,12.0,2.2,0.086,0.3,0.05,0.143,0.8,1.612,13.0,4.4,62.6,2.6,26.2,2.0,1.826,9.8,4.6,37.4,3.2,14.4,0.6,0.062,0.182,0.204,0.435
-0.75,1.88,2.05,1.53,4,6.5,2021-03-08T18:00:00.000Z,8455,8668,True,2,0,2,1.0,1.072,7.4,2.8,41.6,1.8,12.4,1.0,1.296,12.6,4.0,58.4,2.0,29.4,1.8,0.135,0.357,0.079,0.25,1.2,1.412,13.0,4.6,62.0,2.2,23.8,0.4,0.496,8.0,2.6,38.0,0.6,14.0,2.2,0.092,0.261,0.05,0.154
-1,-1,-1,-1,-1,-1,2021-03-13T12:30:00.000Z,8455,8463,False,0,0,1,1.2,1.574,15.0,5.8,61.4,2.6,23.0,0.2,0.434,7.8,2.2,38.6,0.4,11.8,2.2,0.08,0.207,0.026,0.091,1.0,1.254,13.6,4.8,58.8,2.0,22.8,1.6,1.278,13.2,4.8,41.2,2.0,18.6,0.6,0.074,0.208,0.121,0.333
-1.5,2.03,1.9,1.22,6,15,2021-04-03T11:30:00.000Z,8455,8659,True,2,5,0,0.2,1.242,10.4,2.4,45.0,1.6,20.2,0.4,1.228,9.4,3.8,55.0,1.8,19.4,1.0,0.019,0.083,0.043,0.105,0.8,1.324,14.4,6.2,60.6,1.8,21.0,0.2,0.4,7.2,2.2,39.4,0.4,12.0,1.8,0.056,0.129,0.028,0.091
1,2.08,1.85,7,3.8,1.53,2021-04-10T16:30:00.000Z,8455,9826,False,4,1,2,1.0,1.502,16.2,7.2,59.6,2.2,22.6,1.0,0.608,9.2,3.4,40.4,0.6,13.8,1.6,0.062,0.139,0.109,0.294,0.6,0.69,7.0,2.6,41.8,1.0,14.0,1.0,1.654,13.2,3.6,58.2,2.2,22.2,1.2,0.086,0.231,0.076,0.278
0.75,1.99,1.94,4.75,3.6,1.75,2021-04-24T16:30:00.000Z,8455,8654,False,1,0,2,1.6,1.862,16.4,7.8,64.4,3.2,27.6,1.2,0.642,8.0,3.0,35.6,0.6,11.2,1.6,0.098,0.205,0.15,0.4,2.2,1.4,10.2,4.2,42.0,2.4,18.2,2.2,1.644,16.4,5.8,58.0,2.0,29.6,1.4,0.216,0.524,0.134,0.379
-1,1.86,2.07,1.44,4.4,7.5,2021-05-01T16:30:00.000Z,8455,9879,True,2,0,2,0.6,0.916,9.6,3.4,45.0,0.8,20.2,2.0,1.624,12.0,4.6,55.0,2.4,23.6,0.2,0.062,0.176,0.167,0.435,1.4,1.888,16.0,7.2,62.4,2.8,29.6,1.2,0.654,8.4,3.2,37.6,0.6,11.8,1.6,0.087,0.194,0.143,0.375
-0.5,2.08,1.85,1.9,3.4,4.2,2021-05-08T16:30:00.000Z,8455,8456,False,2,1,2,1.8,2.058,14.8,6.6,59.8,3.4,29.72,1.2,0.642,9.0,3.0,40.2,0.6,11.24,2.0,0.122,0.273,0.133,0.4,2.0,1.77,16.2,4.8,64.6,2.4,35.24,0.6,0.468,5.4,2.2,35.4,0.4,10.52,2.4,0.123,0.417,0.111,0.273
-0.75,1.95,1.98,1.7,3.75,5,2021-05-18T19:15:00.000Z,8455,8197,True,2,1,2,2.0,1.736,18.0,6.6,65.2,3.0,25.6,1.4,1.034,6.2,2.6,34.8,1.8,11.208,2.0,0.111,0.303,0.226,0.538,1.0,1.502,12.8,5.0,57.8,2.0,27.384,0.4,0.728,10.2,2.6,42.2,0.6,11.648,2.0,0.078,0.2,0.039,0.154
0.25,1.78,2.13,3.1,3.25,2.37,2020-09-12T14:00:00.000Z,9826,8466,True,1,0,2,0.0,0.0,0.0,0.0,0.0,0.0,0.0,0.0,0.0,0.0,0.0,0.0,0.0,0.0,0.0,0.0,0.0,0.0,0.0,0.0,0.0,0.0,0.0,0.0,0.0,0.0,0.0,0.0,0.0,0.0,0.0,0.0,0.0,0.0,0.0,0.0,0.0,0.0
-1.25,1.86,2.04,1.3,5.5,9.5,2020-09-19T16:30:00.000Z,9826,10260,False,3,1,2,1.0,1.11,5.0,3.0,29.0,3.0,0.0,0.0,0.89,9.0,5.0,71.0,2.0,0.0,3.0,0.2,0.333,0.0,0.0,0.0,0.0,0.0,0.0,0.0,0.0,0.0,0.0,0.0,0.0,0.0,0.0,0.0,0.0,0.0,0.0,0.0,0.0,0.0
0.25,1.99,1.91,3.75,3.25,2.1,2020-09-26T14:00:00.000Z,9826,8668,True,1,2,0,3.0,2.585,16.0,5.5,59.5,3.0,0.0,1.0,0.735,7.5,4.5,40.5,1.0,0.0,3.0,0.188,0.545,0.133,0.222,2.0,1.385,9.5,4.0,26.5,2.5,0.0,0.5,1.06,13.0,4.5,73.5,2.0,0.0,3.0,0.211,0.5,0.038,0.111
0,1.83,2.1,2.75,3.1,2.7,2020-10-24T14:00:00.000Z,9826,9879,False,2,1,2,1.2,0.828,6.4,2.0,31.6,1.4,7.6,1.6,1.698,14.6,4.6,68.4,2.0,14.6,1.4,0.187,0.6,0.11,0.348,0.8,0.998,12.0,3.8,54.4,1.2,14.2,2.4,1.532,11.8,5.8,45.6,2.6,16.6,0.2,0.067,0.211,0.203,0.414
-0.5,2.11,1.79,2,3.2,4.33,2020-10-30T20:00:00.000Z,9826,8602,False,0,2,0,1.4,1.118,8.2,3.4,33.0,1.6,13.0,1.8,1.734,16.0,4.2,67.0,1.8,20.6,1.4,0.171,0.412,0.113,0.429,0.8,0.68,11.6,2.8,48.0,0.6,12.8,1.6,1.296,11.4,4.4,52.0,1.6,15.8,1.4,0.069,0.286,0.14,0.364
-1,-1,-1,-1,-1,-1,2020-11-07T15:00:00.000Z,9826,8463,True,4,1,2,1.2,1.908,16.0,6.2,62.2,2.8,30.2,1.2,1.47,13.2,4.2,37.8,2.0,29.0,1.4,0.075,0.194,0.091,0.286,0.8,0.918,7.6,2.8,39.2,1.4,16.8,2.0,1.744,15.6,4.4,60.8,2.0,26.4,0.8,0.105,0.286,0.128,0.455
-0.25,1.82,2.08,2.05,3.25,3.75,2020-11-27T20:00:00.000Z,9826,10261,True,0,2,0,0.8,0.952,7.0,2.6,35.8,1.0,9.6,2.0,1.33,17.6,6.4,64.2,1.4,26.2,0.8,0.114,0.308,0.114,0.312,1.4,1.292,10.2,4.8,42.8,2.2,21.2,1.2,1.28,14.0,3.6,57.2,1.8,26.4,1.4,0.137,0.292,0.086,0.333
0.25,1.83,2.1,2.87,3.2,2.55,2020-12-06T12:00:00.000Z,9826,8659,False,5,1,2,1.2,1.256,12.4,5.2,47.4,2.2,25.6,1.4,1.188,12.8,4.4,52.6,2.2,22.2,1.2,0.097,0.231,0.109,0.318,0.4,0.716,11.0,2.8,46.2,0.8,17.0,1.0,1.872,15.0,5.2,53.8,3.0,24.0,0.8,0.036,0.143,0.067,0.192
0.5,2.07,1.86,4.5,3.9,1.72,2020-12-13T14:15:00.000Z,9826,8586,True,1,1,1,1.4,0.964,8.4,2.8,41.2,1.6,13.4,0.2,0.806,12.8,2.8,58.8,0.6,30.2,2.6,0.167,0.5,0.016,0.071,1.8,1.078,13.2,4.6,50.2,1.6,26.6,1.4,1.106,11.4,4.6,49.8,2.0,19.8,1.2,0.136,0.391,0.123,0.304
0.75,2.08,1.85,6.5,4.33,1.5,2020-12-19T12:30:00.000Z,9826,8650,True,0,7,0,2.2,1.502,14.0,7.6,65.6,2.4,27.2,0.6,1.38,9.8,3.4,34.4,2.8,17.2,2.2,0.157,0.289,0.061,0.176,1.4,1.32,13.8,4.4,50.4,1.6,28.4,1.2,0.958,11.2,4.6,49.6,1.6,16.0,1.0,0.101,0.318,0.107,0.261
0.25,1.97,1.96,3.75,3.5,2,2020-12-28T15:00:00.000Z,9826,8197,True,1,1,1,1.8,1.29,13.8,3.6,56.6,1.4,24.2,1.0,0.998,8.8,3.6,43.4,1.8,16.2,2.0,0.13,0.5,0.114,0.278,1.4,1.12,12.0,4.6,47.4,1.4,24.0,2.6,1.788,13.2,5.8,52.6,3.0,19.4,1.0,0.117,0.304,0.197,0.448
-0.5,2.1,1.8,1.95,3.5,3.9,2021-01-02T15:00:00.000Z,9826,8657,True,2,0,2,0.6,0.874,7.4,2.8,41.0,0.8,15.6,1.8,1.702,12.8,5.2,59.0,3.0,23.0,0.2,0.081,0.214,0.141,0.346,0.6,0.882,9.2,3.4,44.0,1.2,18.8,2.6,2.044,14.8,5.6,56.0,3.4,19.4,0.6,0.065,0.176,0.176,0.464
-2,1.97,1.93,1.14,8.5,17,2021-01-17T19:15:00.000Z,9826,8456,False,0,4,0,0.6,0.61,8.6,3.2,41.2,0.4,16.2,2.2,1.93,13.8,5.2,58.8,3.0,21.2,1.0,0.07,0.187,0.159,0.423,1.6,2.152,16.4,6.0,62.8,4.4,35.8,0.4,0.5,7.0,1.8,37.2,0.6,14.2,2.6,0.098,0.267,0.057,0.222
0.25,2.04,1.89,3.1,3.25,2.37,2021-01-26T18:00:00.000Z,9826,8654,True,2,3,0,1.2,1.526,11.8,4.4,45.0,2.0,24.4,0.6,0.624,9.4,2.6,55.0,0.8,19.8,2.2,0.102,0.273,0.064,0.231,0.6,0.562,8.0,2.6,39.8,0.2,14.8,1.6,1.556,13.6,4.8,60.2,2.2,23.2,1.0,0.075,0.231,0.118,0.333
-1,-1,-1,-1,-1,-1,2021-01-26T18:00:00.000Z,8463,10261,False,2,1,2,1.6,1.27,13.4,4.2,63.0,1.8,25.2,2.0,1.93,14.2,6.0,37.0,3.0,27.0,1.2,0.119,0.381,0.141,0.333,0.2,0.454,6.8,1.8,35.8,0.4,11.0,1.6,1.752,14.2,4.4,64.2,2.6,28.8,0.2,0.029,0.111,0.113,0.364
0,2.08,1.85,2.87,3.2,2.55,2021-01-30T15:00:00.000Z,9826,8602,True,1,0,2,1.2,0.962,11.8,3.6,46.0,1.2,18.4,1.8,1.466,11.0,4.0,54.0,2.0,24.4,0.4,0.102,0.333,0.164,0.45,1.0,0.528,6.6,2.0,38.4,0.2,14.0,1.6,1.27,13.0,4.4,61.6,1.6,21.2,1.0,0.152,0.5,0.123,0.364
0.25,2.01,1.92,3.3,3.2,2.3,2021-01-30T15:00:00.000Z,9879,8659,False,2,2,1,0.4,0.786,11.4,3.2,42.6,0.8,18.0,0.8,1.612,14.0,4.8,57.4,3.2,27.4,0.6,0.035,0.125,0.057,0.167,0.8,0.968,6.6,2.4,31.4,1.6,13.4,3.6,2.072,18.0,7.4,68.6,2.8,31.4,0.6,0.121,0.333,0.2,0.486
-2,2.06,1.87,1.12,9,18,2021-01-30T15:00:00.000Z,8456,8657,True,1,0,2,0.8,0.994,10.2,3.4,50.2,0.8,18.4,1.4,0.856,10.2,3.8,49.8,1.2,18.8,1.2,0.078,0.235,0.137,0.368,3.0,2.144,18.6,6.8,65.8,3.4,41.6,0.2,0.46,6.2,1.6,34.2,0.4,13.6,3.0,0.161,0.441,0.032,0.125
0,2.08,1.73,2.8,3.2,2.6,2021-02-02T20:15:00.000Z,9826,10261,False,2,1,2,1.0,0.716,8.0,2.2,41.2,0.6,17.2,1.4,0.956,10.8,4.6,58.8,1.4,20.6,1.4,0.125,0.455,0.13,0.304,0.6,0.866,10.6,2.6,38.0,1.2,13.0,1.6,1.646,14.2,4.0,62.0,1.8,28.2,0.6,0.057,0.231,0.113,0.4
-1.25,2.01,1.92,1.4,4.75,7,2021-02-02T20:15:00.000Z,10260,8466,True,9,0,2,0.4,0.874,11.2,3.8,53.4,1.6,22.2,1.2,1.534,11.6,3.6,46.6,2.2,29.8,0.8,0.036,0.105,0.103,0.333,0.8,1.354,13.2,4.6,58.4,1.8,26.4,0.6,0.958,12.4,2.8,41.6,0.8,19.6,1.6,0.061,0.174,0.048,0.214
-1,-1,-1,-1,-1,-1,2021-02-08T20:00:00.000Z,9826,8463,False,0,2,0,1.0,0.75,7.4,2.0,40.2,0.8,16.2,1.6,1.264,13.6,5.2,59.8,1.8,25.2,1.4,0.135,0.5,0.118,0.308,1.2,1.112,11.6,4.6,60.0,1.2,24.2,1.6,1.766,15.4,5.6,40.0,2.4,20.2,1.2,0.103,0.261,0.104,0.286
1.25,1.84,2.09,8,4.75,1.4,2021-03-03T20:15:00.000Z,9826,10260,True,0,0,1,3.2,1.818,14.8,7.4,64.8,2.6,30.2,1.0,0.892,8.8,3.8,35.2,1.4,11.6,1.8,0.216,0.432,0.114,0.263,0.8,0.4,6.6,2.2,38.0,0.2,13.6,1.4,1.83,19.0,5.0,62.0,2.4,31.0,1.4,0.121,0.364,0.074,0.28
-1,2.02,1.91,1.45,4.5,7,2021-03-07T19:15:00.000Z,9826,8586,False,1,4,0,0.4,0.426,7.0,2.0,37.6,0.2,13.6,1.2,1.634,17.0,4.2,62.4,2.0,28.0,1.0,0.057,0.2,0.071,0.286,1.6,1.324,13.0,4.4,54.6,2.0,18.2,1.0,1.05,8.8,3.4,45.4,1.4,25.2,1.8,0.123,0.364,0.114,0.294
-0.25,2.03,1.9,2.15,3.2,3.6,2021-03-13T15:00:00.000Z,9826,8659,True,1,0,2,0.4,1.286,9.4,2.8,39.2,2.0,17.6,0.4,1.084,10.2,4.4,60.8,1.4,24.2,1.2,0.043,0.143,0.039,0.091,0.6,0.46,6.4,1.6,38.4,0.4,12.0,1.6,1.786,16.0,3.8,61.6,2.0,27.4,1.0,0.094,0.375,0.1,0.421
-0.5,1.9,2.03,1.75,3.5,5,2021-04-05T17:00:00.000Z,9826,8668,False,1,1,1,0.8,0.592,5.0,1.8,36.6,0.8,8.6,1.0,1.656,15.2,3.2,63.4,1.6,28.2,1.6,0.16,0.444,0.066,0.312,1.0,1.172,9.6,3.0,45.6,2.2,15.0,0.8,1.238,13.6,4.8,54.4,2.4,23.4,1.8,0.104,0.333,0.059,0.167
-1.25,2.07,1.86,1.4,4.33,8.5,2021-04-26T19:00:00.000Z,9826,8197,False,1,2,0,0.8,0.74,6.6,2.8,41.0,1.2,14.0,1.8,2.01,14.6,4.8,59.0,3.2,26.2,1.0,0.121,0.286,0.123,0.375,2.4,1.622,12.8,5.6,63.2,3.0,23.0,1.2,0.742,5.4,2.2,36.8,1.2,15.2,1.8,0.187,0.429,0.222,0.545
1.5,1.91,2.02,10,5,1.33,2021-05-01T11:30:00.000Z,9826,8456,True,0,2,0,2.6,1.926,15.6,6.2,62.2,3.0,35.0,1.0,0.626,5.8,2.6,37.8,0.6,11.2,2.4,0.167,0.419,0.172,0.385,1.0,0.712,5.8,2.8,40.2,1.4,12.8,2.2,2.126,15.0,5.6,59.8,3.6,27.4,0.8,0.172,0.357,0.147,0.393
0,2.13,1.81,3,3.2,2.45,2021-05-08T14:00:00.000Z,9826,8657,False,2,0,2,0.8,0.794,6.6,3.4,39.0,1.4,14.0,1.8,1.956,16.6,5.2,61.0,3.0,28.04,0.8,0.121,0.235,0.108,0.346,0.4,0.622,7.8,1.8,41.8,0.6,12.76,2.0,1.902,16.8,6.6,58.2,2.6,27.36,0.6,0.051,0.222,0.119,0.303
-0.5,1.89,2.04,2.05,3.6,3.5,2021-05-11T19:15:00.000Z,9826,8466,False,1,3,0,1.0,0.964,9.6,4.2,40.2,1.6,13.76,1.8,1.93,15.6,5.0,59.8,3.2,28.72,0.8,0.104,0.238,0.115,0.36,1.0,1.344,13.0,5.4,45.2,2.2,26.84,2.0,1.92,14.2,5.8,54.8,3.2,30.12,0.8,0.077,0.185,0.141,0.345
-0.5,2.09,1.81,1.83,3.6,4.33,2020-09-13T15:30:00.000Z,8668,8586,False,1,0,2,0.0,0.0,0.0,0.0,0.0,0.0,0.0,0.0,0.0,0.0,0.0,0.0,0.0,0.0,0.0,0.0,0.0,0.0,0.0,0.0,0.0,0.0,0.0,0.0,0.0,0.0,0.0,0.0,0.0,0.0,0.0,0.0,0.0,0.0,0.0,0.0,0.0,0.0
-1,2.09,1.81,1.5,4.2,6.5,2020-09-19T11:30:00.000Z,8668,8659,True,5,2,2,0.0,0.42,7.0,1.0,36.0,0.0,0.0,3.0,2.83,13.0,7.0,64.0,4.0,0.0,0.0,0.0,0.0,0.231,0.429,1.0,1.2,15.0,4.0,48.0,2.0,0.0,0.0,1.13,9.0,5.0,52.0,2.0,0.0,3.0,0.067,0.25,0.0,0.0
0.75,1.86,2.04,3.75,4.2,1.83,2020-10-17T11:30:00.000Z,8668,8650,True,2,2,1,2.75,2.342,18.75,7.0,61.5,3.5,11.75,2.75,1.302,8.25,5.0,38.5,2.5,7.75,2.25,0.147,0.393,0.333,0.55,3.0,2.178,13.25,5.5,55.0,3.25,8.25,1.25,0.812,8.5,3.25,45.0,1.0,10.75,3.0,0.226,0.545,0.147,0.385
0.25,1.88,2.05,2.75,3.4,2.55,2020-10-25T14:00:00.000Z,8668,8466,False,0,2,0,2.8,1.988,12.8,5.4,52.4,3.2,9.0,1.4,1.18,11.2,4.2,47.6,1.6,16.2,2.6,0.219,0.519,0.125,0.333,1.6,1.35,10.8,5.2,55.8,1.8,10.8,1.8,1.13,8.0,3.6,44.2,1.8,12.8,1.4,0.148,0.308,0.225,0.5
0.25,1.95,1.95,3.7,3.4,2.05,2020-11-01T14:00:00.000Z,8668,10261,False,1,2,0,2.6,1.82,11.0,5.0,52.0,2.8,12.2,1.8,1.086,12.0,4.4,48.0,1.2,21.0,2.0,0.236,0.52,0.15,0.409,1.2,0.896,6.8,2.4,40.4,1.2,11.2,2.0,1.63,17.4,7.6,59.6,1.6,25.0,1.0,0.176,0.5,0.115,0.263
0.25,2,1.93,2.9,3.5,2.37,2020-11-07T12:30:00.000Z,8668,10260,True,1,3,0,1.6,1.17,12.4,5.0,50.4,1.0,24.0,2.0,1.634,12.0,4.0,49.6,2.8,19.0,1.4,0.129,0.32,0.167,0.5,1.8,1.318,10.6,4.4,50.2,2.2,17.2,1.8,1.612,13.0,4.4,49.8,2.0,24.0,1.4,0.17,0.409,0.138,0.409
0.5,2.06,1.87,3.9,3.9,1.85,2020-11-22T12:00:00.000Z,8668,9879,False,3,2,2,1.6,1.01,10.0,3.6,49.6,1.6,18.4,2.2,1.834,14.0,5.2,50.4,2.6,24.2,0.8,0.16,0.444,0.157,0.423,0.8,1.336,13.4,4.0,53.6,1.6,22.2,1.0,1.452,12.8,5.8,46.4,2.0,19.8,0.8,0.06,0.2,0.078,0.172
-1,-1,-1,-1,-1,-1,2020-11-28T17:30:00.000Z,8668,8463,True,0,1,0,1.0,1.722,17.0,4.4,65.2,2.0,32.6,1.8,1.294,9.6,4.6,34.8,2.4,20.4,0.8,0.059,0.227,0.188,0.391,1.4,1.094,9.6,3.8,50.2,1.6,19.8,2.2,1.952,14.6,5.8,49.8,3.0,24.2,0.8,0.146,0.368,0.151,0.379
0.25,1.93,2,4.2,3.6,1.85,2020-12-26T20:00:00.000Z,8668,8657,False,1,0,2,1.2,1.374,11.4,5.2,42.0,2.0,18.4,0.6,1.378,13.6,3.2,58.0,1.8,27.0,2.0,0.105,0.231,0.044,0.187,0.8,1.138,9.0,3.0,35.8,1.6,18.6,2.0,1.902,16.4,6.0,64.2,3.2,25.0,0.2,0.089,0.267,0.122,0.333
-2.5,1.96,1.97,1.11,10,19,2020-12-26T20:00:00.000Z,8456,10261,True,2,0,2,1.4,1.088,11.2,4.8,39.6,1.2,15.6,1.8,1.282,15.0,4.6,60.4,2.0,26.8,1.4,0.125,0.292,0.12,0.391,1.8,1.796,16.0,5.0,64.2,3.2,31.2,0.2,0.524,8.0,1.6,35.8,0.4,11.2,2.2,0.113,0.36,0.025,0.125
-0.25,1.96,1.94,2.1,3.5,3.5,2021-01-01T17:30:00.000Z,8668,8654,True,0,1,0,1.0,0.926,10.6,3.4,43.0,1.2,23.8,1.4,1.304,10.6,4.6,57.0,2.4,23.2,1.2,0.094,0.294,0.132,0.304,1.4,1.27,9.8,4.2,44.8,1.8,17.6,0.4,1.008,11.0,2.4,55.2,1.0,23.8,2.6,0.143,0.333,0.036,0.167
0.25,1.89,2.04,2.8,3.3,2.55,2021-01-27T20:15:00.000Z,8668,8197,True,1,1,1,1.8,1.404,12.0,3.8,52.2,2.2,20.2,0.8,0.798,7.6,3.0,47.8,1.2,13.8,2.2,0.15,0.474,0.105,0.267,1.4,0.744,8.4,3.2,48.8,1.0,15.8,0.6,1.138,12.0,2.8,51.2,1.4,24.4,2.4,0.167,0.437,0.05,0.214
-1.75,2.03,1.9,1.25,6,11,2021-01-27T20:15:00.000Z,10260,8657,True,1,2,0,0.4,1.074,11.2,3.2,54.2,1.0,21.0,1.4,0.778,8.4,3.6,45.8,1.2,17.2,0.6,0.036,0.125,0.167,0.389,1.2,1.526,13.2,5.6,53.0,2.4,28.8,0.4,0.972,12.8,3.6,47.0,1.2,23.4,2.6,0.091,0.214,0.031,0.111
-1,1.99,1.94,1.55,4,6.5,2021-01-30T12:30:00.000Z,8668,10261,True,0,2,0,0.4,0.634,9.6,2.4,38.8,0.4,12.4,2.0,1.614,13.8,4.0,61.2,2.0,27.2,0.0,0.042,0.167,0.145,0.5,1.2,0.556,7.8,2.4,48.0,0.6,15.8,0.8,1.204,13.0,3.6,52.0,1.2,25.8,2.0,0.154,0.5,0.062,0.222
-1,-1,-1,-1,-1,-1,2021-02-03T19:30:00.000Z,8668,8463,False,2,1,2,0.8,0.584,8.2,2.6,51.8,0.4,18.0,1.0,1.26,13.0,3.8,48.2,1.8,21.2,1.4,0.098,0.308,0.077,0.263,2.0,1.102,11.2,4.4,62.6,1.4,23.2,1.2,1.532,14.2,4.6,37.4,2.0,19.4,1.8,0.179,0.455,0.085,0.261
-1,2.11,1.82,1.53,4.2,6,2021-02-06T20:00:00.000Z,8668,10260,False,3,3,1,1.0,0.772,8.8,3.2,48.0,0.8,16.8,1.2,1.244,14.2,4.8,52.0,1.8,23.2,1.4,0.114,0.312,0.085,0.25,2.4,2.056,15.4,6.0,60.8,3.2,31.6,0.6,0.874,10.8,3.0,39.2,0.6,16.8,1.6,0.156,0.4,0.056,0.2
-0.5,2.05,1.88,1.85,3.6,4.2,2021-02-14T19:00:00.000Z,8668,9879,True,0,2,0,0.6,0.962,12.4,3.6,53.8,1.4,20.6,1.2,1.43,10.6,3.8,46.2,2.2,22.8,0.6,0.048,0.167,0.113,0.316,1.6,0.99,8.0,3.4,43.6,1.4,16.8,1.6,1.328,14.8,4.8,56.4,1.8,22.4,1.6,0.2,0.471,0.108,0.333
1.5,2.02,1.77,8.5,5.5,1.33,2021-02-17T20:15:00.000Z,8668,8456,True,1,3,0,3.0,2.236,12.8,5.8,66.2,3.0,32.8,0.2,0.474,5.0,1.6,33.8,0.4,10.6,3.0,0.234,0.517,0.04,0.125,1.2,0.944,8.4,3.2,44.2,1.2,15.8,1.8,1.686,14.8,4.8,55.8,2.2,25.0,1.0,0.143,0.375,0.122,0.375
-1.5,2.06,1.87,1.44,4.5,7,2021-02-20T17:30:00.000Z,8668,8650,False,2,0,2,1.2,1.056,7.4,3.2,43.2,1.4,14.6,2.2,1.652,14.2,5.0,56.8,2.4,28.2,0.8,0.162,0.375,0.155,0.44,1.6,1.69,12.4,4.0,59.6,2.4,26.6,2.0,1.514,8.6,3.8,40.4,2.2,15.0,1.2,0.129,0.4,0.233,0.526
-0.25,1.89,2.04,2.15,3.5,3.3,2021-03-01T20:00:00.000Z,8668,8466,True,1,0,2,0.8,0.822,8.2,3.0,46.4,1.6,15.2,3.6,1.806,12.0,6.4,53.6,2.8,26.8,0.2,0.098,0.267,0.3,0.562,1.6,1.26,7.0,3.8,36.8,2.2,11.6,1.8,1.594,14.6,5.6,63.2,2.0,31.6,1.4,0.229,0.421,0.123,0.321
0.5,1.86,2.07,4.33,3.6,1.83,2021-03-04T18:00:00.000Z,8668,8659,False,1,0,2,1.4,1.166,6.4,2.8,38.8,2.0,11.6,1.6,1.45,13.2,4.4,61.2,2.2,29.0,1.4,0.219,0.5,0.121,0.364,0.6,1.106,7.0,2.6,32.2,2.0,14.2,1.0,1.346,11.6,5.2,67.8,2.0,27.4,1.0,0.086,0.231,0.086,0.192
0.5,1.83,2.1,4,3.6,1.9,2021-03-04T18:00:00.000Z,9879,8586,True,0,1,0,1.4,1.122,12.6,4.4,55.0,1.6,18.2,1.2,1.23,9.8,3.2,45.0,1.6,26.2,1.2,0.111,0.318,0.122,0.375,0.8,1.42,14.2,3.8,58.0,1.6,23.4,0.2,0.672,6.0,1.6,42.0,1.2,11.4,1.8,0.056,0.211,0.033,0.125
0.25,2.04,1.89,3.4,3.5,2.1,2021-04-16T19:00:00.000Z,8668,8586,True,2,2,1,2.0,1.674,10.0,3.8,53.4,2.0,19.4,1.6,1.766,12.0,3.6,46.6,2.4,22.4,1.4,0.2,0.526,0.133,0.444,0.6,1.156,11.0,3.2,49.0,2.2,17.6,1.0,1.232,16.0,5.2,51.0,1.8,25.8,1.0,0.055,0.187,0.062,0.192
-0.25,1.86,2.07,2.2,3.5,3.2,2021-05-09T15:30:00.000Z,8668,8654,False,1,0,2,1.0,1.246,13.0,3.8,47.0,1.8,18.04,1.0,1.142,15.0,4.0,53.0,1.4,26.16,1.2,0.077,0.263,0.067,0.25,2.0,1.344,12.0,4.4,46.8,2.2,15.24,1.8,2.018,15.2,5.4,53.2,2.4,30.32,1.8,0.167,0.455,0.118,0.333
-1.5,2.02,1.77,1.36,4.75,8.5,2021-05-16T18:00:00.000Z,8668,8657,True,0,1,0,0.2,0.536,7.4,1.6,42.6,0.6,13.16,2.0,1.826,16.4,6.6,57.4,2.6,26.16,0.6,0.027,0.125,0.122,0.303,1.0,1.186,13.2,3.8,43.0,1.0,18.208,0.8,1.138,12.6,2.6,57.0,1.8,23.872,1.6,0.076,0.263,0.063,0.308
-1,-1,-1,-1,-1,-1,2020-09-19T14:00:00.000Z,9879,8463,False,3,4,0,0.0,0.15,5.0,2.0,46.0,0.0,3.0,3.0,1.97,13.0,6.0,54.0,3.0,26.0,0.0,0.0,0.0,0.231,0.5,3.0,0.32,6.0,3.0,51.0,0.0,0.0,4.0,2.76,22.0,6.0,49.0,3.0,0.0,0.0,0.5,1.0,0.182,0.667
-0.25,2,1.9,2.1,3.3,3.7,2020-10-18T11:00:00.000Z,9879,8657,False,1,1,1,0.75,0.875,11.25,3.25,53.5,1.0,12.75,2.75,1.502,12.25,5.75,46.5,2.5,16.75,0.0,0.067,0.231,0.224,0.478,0.25,0.89,8.25,2.25,38.75,1.0,11.5,1.5,1.035,13.0,5.0,61.25,1.5,9.0,0.0,0.03,0.111,0.115,0.3
-0.25,2.06,1.84,2.4,3.3,3,2020-11-02T17:30:00.000Z,9879,8659,True,2,0,2,1.2,0.458,8.4,3.6,39.6,0.2,12.0,2.2,1.766,13.2,6.2,60.4,2.2,17.8,0.6,0.143,0.333,0.167,0.355,1.0,1.182,14.2,4.0,58.0,1.4,19.6,2.2,1.65,12.0,6.6,42.0,2.8,16.8,0.2,0.07,0.25,0.183,0.333
-0.5,1.86,2.07,1.83,3.75,4.2,2020-11-07T20:00:00.000Z,9879,8654,False,0,1,0,0.8,1.124,14.0,4.0,57.2,1.2,23.0,1.4,1.474,12.0,5.4,42.8,2.6,20.0,0.8,0.057,0.2,0.117,0.259,2.4,1.36,10.4,4.4,34.8,1.4,17.6,1.2,1.07,9.8,4.0,65.2,1.4,23.8,1.6,0.231,0.545,0.122,0.3
-1,2.08,1.73,1.5,4.33,6.5,2020-11-30T17:30:00.000Z,9879,8197,False,2,1,2,1.2,1.546,14.2,4.8,53.8,2.0,23.6,1.4,1.606,11.8,6.2,46.2,2.4,21.8,0.8,0.085,0.25,0.119,0.226,1.2,1.542,9.6,4.4,44.0,2.4,17.4,1.0,1.536,13.0,5.4,56.0,2.4,26.8,1.8,0.125,0.273,0.077,0.185
-2.5,2.05,1.88,1.1,11,19,2020-12-05T15:00:00.000Z,9879,8456,False,0,2,0,1.4,1.696,13.2,4.6,48.6,2.4,22.8,1.4,1.512,13.0,5.6,51.4,2.2,23.2,1.2,0.106,0.304,0.108,0.25,1.6,1.442,15.6,5.6,65.0,1.8,32.8,0.8,0.636,6.4,1.8,35.0,0.8,13.8,1.6,0.103,0.286,0.125,0.444
1.5,1.9,2.03,9,5.5,1.3,2020-12-13T16:30:00.000Z,9879,8650,True,1,1,1,2.2,1.514,12.0,5.8,58.8,2.4,24.8,0.6,1.184,8.4,3.0,41.2,1.6,16.6,2.2,0.183,0.379,0.071,0.2,1.2,1.54,11.2,4.2,42.0,2.2,18.0,1.4,1.572,13.2,4.6,58.0,2.6,25.2,1.2,0.107,0.286,0.106,0.304
0,2.06,1.87,2.5,3.25,2.9,2020-12-19T20:00:00.000Z,9879,10261,False,1,1,1,1.0,1.388,9.8,4.2,37.6,2.6,16.0,1.4,1.672,12.2,5.0,62.4,3.4,25.8,1.0,0.102,0.238,0.115,0.28,1.2,0.874,9.6,4.2,37.4,1.0,13.6,2.0,1.234,15.8,5.4,62.6,1.6,26.8,1.2,0.125,0.286,0.127,0.37
-1,2.05,1.75,1.36,5,8.5,2021-01-13T20:15:00.000Z,9879,8586,False,1,1,1,0.4,0.898,9.2,3.0,39.8,1.8,16.2,0.8,1.344,10.2,4.4,60.2,2.6,20.2,0.8,0.043,0.133,0.078,0.182,1.2,1.172,11.2,4.2,43.8,2.2,19.6,1.2,1.264,15.8,6.2,56.2,1.0,31.2,1.0,0.107,0.286,0.076,0.194
1,1.75,2.05,6,4.33,1.53,2021-01-20T20:15:00.000Z,9879,10260,True,1,2,0,1.2,1.528,12.0,5.4,49.8,2.8,26.8,0.6,0.972,12.4,3.0,50.2,1.2,23.8,2.2,0.1,0.222,0.048,0.2,0.4,0.898,11.0,3.2,44.2,1.4,18.6,0.6,1.248,12.0,4.6,55.8,2.6,20.6,0.8,0.036,0.125,0.05,0.13
0.5,1.95,1.98,3.6,3.5,2.05,2021-02-06T17:30:00.000Z,9879,8654,True,0,0,1,2.0,1.842,14.8,5.8,45.4,2.4,22.0,1.4,0.87,9.0,2.8,54.6,1.2,21.6,2.4,0.135,0.345,0.156,0.5,0.6,0.802,10.4,3.8,47.6,1.2,18.4,1.4,1.546,13.2,4.8,52.4,2.4,27.6,0.4,0.058,0.158,0.106,0.292
-0.5,1.99,1.94,2.15,3.2,3.6,2021-02-20T20:00:00.000Z,9879,8657,True,1,0,2,1.0,0.758,7.8,3.6,40.4,0.8,18.6,1.6,1.55,11.2,5.0,59.6,2.4,25.6,1.2,0.128,0.278,0.143,0.32,1.0,1.292,12.0,3.2,57.0,1.8,23.0,1.0,0.946,7.4,2.8,43.0,1.6,15.2,1.2,0.083,0.312,0.135,0.357
-0.75,1.85,2.08,1.36,5,8.5,2021-03-07T14:00:00.000Z,9879,8650,False,1,0,2,0.8,1.254,12.4,4.0,57.8,1.2,23.6,0.4,0.786,6.2,1.8,42.2,1.6,10.8,1.6,0.065,0.2,0.065,0.222,0.8,1.47,12.2,4.4,60.8,2.4,26.2,2.0,1.76,9.4,4.8,39.2,3.2,14.0,0.6,0.066,0.182,0.213,0.417
1.25,1.85,2.08,10,5,1.33,2021-03-13T20:00:00.000Z,9879,8456,True,0,3,0,2.4,1.9,17.4,6.4,62.8,3.0,38.4,1.2,1.216,8.2,3.4,37.2,1.6,14.0,2.4,0.138,0.375,0.146,0.353,0.6,1.028,12.0,4.0,55.2,0.8,21.4,0.4,0.892,8.0,2.0,44.8,1.6,14.6,1.6,0.05,0.15,0.05,0.2
-1,-1,-1,-1,-1,-1,2021-03-19T20:00:00.000Z,9879,8463,True,1,2,0,0.6,1.144,13.2,4.6,55.6,1.8,22.2,0.8,1.002,13.6,5.4,44.4,1.4,17.0,0.8,0.045,0.13,0.059,0.148,0.4,0.972,11.0,3.4,53.6,0.8,21.8,0.8,1.146,8.0,2.8,46.4,1.8,15.8,1.4,0.036,0.118,0.1,0.286
0,1.88,2.05,2.5,3,3.1,2021-04-09T19:00:00.000Z,9879,8602,True,0,1,0,0.8,1.272,12.0,3.4,50.0,2.2,19.2,1.8,1.542,14.2,5.6,50.0,2.6,29.6,0.4,0.067,0.235,0.127,0.321,0.6,0.98,10.4,3.8,48.4,0.6,21.6,1.8,1.486,12.0,4.0,51.6,2.0,22.2,0.6,0.058,0.158,0.15,0.45
-0.5,1.87,2.06,2,3.6,3.6,2021-05-15T14:00:00.000Z,9879,8466,False,1,3,0,0.4,0.812,12.6,3.4,49.4,0.6,19.4,1.8,1.618,12.4,4.4,50.6,2.6,23.4,0.2,0.032,0.118,0.145,0.409,1.0,1.148,10.8,4.8,47.2,1.8,25.464,1.8,1.912,15.0,5.6,52.8,3.0,30.944,0.8,0.093,0.208,0.12,0.321
-1.5,1.9,2.03,1.28,6,9,2021-05-18T17:00:00.000Z,9879,10260,False,1,1,1,0.4,0.79,11.6,2.6,50.6,0.6,20.672,1.8,1.646,11.8,5.0,49.4,2.6,23.016,0.2,0.034,0.154,0.153,0.36,1.8,1.584,14.6,4.8,58.0,2.0,33.288,1.6,1.058,11.2,4.4,42.0,2.0,17.328,1.4,0.123,0.375,0.143,0.364
-1,-1,-1,-1,-1,-1,2021-05-18T17:00:00.000Z,8463,8466,False,2,0,2,1.6,1.454,12.2,4.6,53.8,2.4,21.16,0.8,1.414,15.4,4.6,46.2,2.0,32.464,1.6,0.131,0.348,0.052,0.174,1.6,1.148,10.2,5.4,44.4,2.0,23.632,1.4,1.488,14.0,5.0,55.6,2.0,29.768,1.4,0.157,0.296,0.1,0.28
-1,-1,-1,-1,-1,-1,2020-09-12T16:30:00.000Z,8463,8650,False,3,4,0,0.0,0.0,0.0,0.0,0.0,0.0,0.0,0.0,0.0,0.0,0.0,0.0,0.0,0.0,0.0,0.0,0.0,0.0,0.0,0.0,0.0,0.0,0.0,0.0,0.0,0.0,0.0,0.0,0.0,0.0,0.0,0.0,0.0,0.0,0.0,0.0,0.0,0.0
-1,-1,-1,-1,-1,-1,2020-09-27T11:00:00.000Z,8463,8657,False,1,0,2,3.5,0.845,8.0,5.0,50.5,0.5,0.0,3.5,2.25,18.0,6.0,49.5,3.0,0.0,1.5,0.438,0.7,0.194,0.583,0.0,0.985,6.5,1.5,41.5,1.0,0.0,1.5,1.205,14.5,3.0,58.5,1.5,0.0,0.0,0.0,0.0,0.103,0.5
-1,-1,-1,-1,-1,-1,2020-10-03T16:30:00.000Z,8463,8456,True,1,1,1,2.5,1.385,15.0,7.0,68.5,2.5,9.0,3.0,1.705,8.5,4.0,31.5,2.5,6.5,1.5,0.167,0.357,0.353,0.75,2.667,0.953,11.0,6.333,55.0,1.0,7.333,2.333,1.967,16.667,5.333,45.0,2.667,10.333,2.0,0.242,0.421,0.14,0.437
-1,-1,-1,-1,-1,-1,2020-10-19T19:00:00.000Z,8463,8602,True,0,1,0,1.0,0.917,11.5,3.0,47.5,1.5,8.5,1.75,1.547,12.0,5.0,52.5,2.0,9.25,1.5,0.087,0.333,0.146,0.35,2.25,1.323,11.25,6.5,54.25,2.0,11.25,2.0,1.777,18.25,4.5,45.75,2.0,20.0,1.75,0.2,0.346,0.11,0.444
-1,-1,-1,-1,-1,-1,2020-11-02T20:00:00.000Z,8463,8197,True,1,4,0,2.0,1.192,8.4,4.0,52.0,1.6,13.0,1.6,1.144,13.6,4.8,48.0,1.6,19.0,1.8,0.238,0.5,0.118,0.333,1.8,1.756,15.8,6.8,58.6,2.4,25.2,1.0,1.246,14.0,3.8,41.4,1.6,24.2,2.0,0.114,0.265,0.071,0.263
-1,-1,-1,-1,-1,-1,2020-12-11T20:00:00.000Z,8463,8654,True,1,2,0,1.2,1.242,12.0,4.2,40.6,2.0,20.4,1.2,1.698,12.4,5.0,59.4,2.4,22.8,1.8,0.1,0.286,0.097,0.24,0.8,1.76,15.2,4.0,62.2,2.4,26.8,2.2,2.004,13.4,7.0,37.8,3.6,24.0,0.8,0.053,0.2,0.164,0.314
-1,-1,-1,-1,-1,-1,2020-12-20T16:30:00.000Z,8463,10260,False,2,6,0,1.6,2.022,18.8,6.0,62.2,2.4,31.8,1.4,1.842,15.2,6.6,37.8,3.0,24.0,1.4,0.085,0.267,0.092,0.212,2.0,1.748,14.6,6.0,56.0,3.2,20.0,1.0,1.196,11.4,4.2,44.0,2.2,20.8,2.6,0.137,0.333,0.088,0.238
-1,-1,-1,-1,-1,-1,2021-01-02T12:30:00.000Z,8463,8586,False,0,3,0,2.8,1.84,16.0,6.2,63.6,2.4,29.0,2.0,1.718,14.6,6.6,36.4,3.0,26.0,1.8,0.175,0.452,0.137,0.303,1.0,0.702,8.2,3.4,42.4,1.4,13.6,1.2,1.16,14.4,5.6,57.6,0.8,32.2,1.0,0.122,0.294,0.083,0.214
-1,-1,-1,-1,-1,-1,2021-01-31T14:00:00.000Z,8463,8197,False,3,1,2,1.6,1.056,11.8,3.8,63.0,1.2,24.2,1.0,1.476,13.4,4.2,37.0,1.8,24.4,1.8,0.136,0.421,0.075,0.238,1.6,1.458,13.8,4.6,54.4,2.0,22.2,0.6,0.55,7.4,2.6,45.6,0.2,13.6,2.2,0.116,0.348,0.081,0.231
-1,-1,-1,-1,-1,-1,2021-02-19T20:00:00.000Z,8463,8602,False,0,1,0,2.0,1.396,11.8,5.6,58.4,2.0,22.4,1.6,1.506,14.2,5.4,41.6,2.0,20.0,1.8,0.169,0.357,0.113,0.296,0.8,0.944,8.8,3.2,44.4,1.4,15.4,0.6,0.888,10.8,3.2,55.6,1.2,23.4,1.6,0.091,0.25,0.056,0.187
-1,-1,-1,-1,-1,-1,2021-02-23T18:00:00.000Z,8463,8466,True,3,0,2,0.8,1.03,9.6,3.0,47.8,2.0,20.0,3.2,1.668,11.4,5.8,52.2,2.6,26.4,0.2,0.083,0.267,0.281,0.552,1.6,1.602,13.6,6.6,58.6,2.8,23.0,1.6,1.35,12.8,5.4,41.4,1.8,17.6,1.2,0.118,0.242,0.125,0.296
-1,-1,-1,-1,-1,-1,2021-03-08T20:00:00.000Z,8463,8654,False,0,2,0,1.4,1.352,13.6,5.8,59.4,2.4,23.2,1.2,0.984,11.6,4.4,40.6,1.2,17.8,1.2,0.103,0.241,0.103,0.273,1.8,1.538,10.8,5.4,39.4,2.2,18.6,0.8,0.888,13.4,3.2,60.6,1.2,27.2,2.0,0.167,0.333,0.06,0.25
-1,-1,-1,-1,-1,-1,2021-04-03T14:00:00.000Z,8463,8657,True,2,1,2,0.2,0.674,6.0,1.6,36.2,1.4,10.0,2.0,2.416,16.2,7.2,63.8,4.4,27.8,0.6,0.033,0.125,0.123,0.278,1.0,1.054,12.2,4.0,53.6,1.2,21.2,0.8,1.208,13.2,5.6,46.4,1.6,21.2,1.4,0.082,0.25,0.061,0.143
-1,-1,-1,-1,-1,-1,2021-04-10T11:30:00.000Z,8463,8456,False,2,1,2,0.8,1.278,14.6,4.2,55.0,1.4,23.2,1.0,1.244,12.4,4.8,45.0,1.4,19.6,1.4,0.055,0.19,0.081,0.208,2.8,2.182,16.2,7.4,61.2,3.6,37.0,1.0,0.872,6.6,3.0,38.8,1.0,11.4,2.4,0.173,0.378,0.152,0.333
-1,-1,-1,-1,-1,-1,2021-04-19T19:00:00.000Z,8463,8650,True,1,1,1,1.2,1.328,14.8,5.0,58.8,2.2,30.8,0.6,0.816,8.6,4.0,41.2,1.0,16.2,1.8,0.081,0.24,0.07,0.15,1.2,1.132,12.4,4.0,47.0,1.2,20.0,1.0,1.536,16.4,5.4,53.0,1.6,27.0,2.0,0.097,0.3,0.061,0.185
-1,-1,-1,-1,-1,-1,2021-04-25T13:00:00.000Z,8463,10260,True,0,0,1,2.2,1.918,13.4,6.6,55.2,3.4,30.2,0.6,0.954,11.4,3.0,44.8,1.6,22.2,3.0,0.164,0.333,0.053,0.2,1.4,1.308,11.4,4.6,46.4,2.0,21.0,0.8,1.46,16.6,5.8,53.6,1.2,31.6,2.2,0.123,0.304,0.048,0.138
-1,-1,-1,-1,-1,-1,2021-05-08T11:30:00.000Z,8463,8586,True,3,1,2,2.2,1.712,13.4,5.0,56.2,2.0,22.12,1.6,1.84,14.0,5.2,43.8,2.4,24.56,1.6,0.164,0.44,0.114,0.308,1.0,1.148,10.8,4.0,49.4,1.8,20.8,1.0,1.632,17.6,4.8,50.6,1.8,31.52,1.6,0.093,0.25,0.057,0.208
0.25,1.92,1.98,3.8,3.6,1.95,2020-09-13T13:00:00.000Z,8197,8659,False,3,0,2,0.0,0.0,0.0,0.0,0.0,0.0,0.0,0.0,0.0,0.0,0.0,0.0,0.0,0.0,0.0,0.0,0.0,0.0,0.0,0.0,0.0,0.0,0.0,0.0,0.0,0.0,0.0,0.0,0.0,0.0,0.0,0.0,0.0,0.0,0.0,0.0,0.0,0.0
-1.5,1.91,1.99,1.28,6,9.5,2020-09-27T15:30:00.000Z,8197,8456,False,5,2,2,3.5,2.025,13.5,6.5,66.0,2.5,0.0,1.0,0.905,11.5,3.0,34.0,1.0,0.0,3.0,0.259,0.538,0.087,0.333,3.0,1.9,14.0,9.0,65.0,3.0,0.0,1.0,0.56,10.0,1.0,35.0,1.0,0.0,3.0,0.214,0.333,0.1,1.0
-0.75,2.05,1.75,1.61,4.2,5.25,2020-10-04T11:00:00.000Z,8197,8654,True,0,3,0,1.667,1.843,14.667,4.333,44.0,2.0,6.667,1.333,1.047,11.0,2.333,56.0,1.0,6.333,1.0,0.114,0.385,0.121,0.571,4.0,2.3,11.333,6.667,53.333,3.0,4.333,1.333,0.893,13.0,3.667,46.667,1.333,6.0,3.0,0.353,0.6,0.103,0.364
-0.5,1.85,2.08,1.72,3.8,4.75,2020-10-04T11:00:00.000Z,8466,8659,True,2,0,2,1.667,0.447,7.333,2.667,29.667,0.333,3.667,3.667,2.947,17.333,8.0,70.333,3.667,12.0,0.333,0.227,0.625,0.212,0.458,1.0,1.213,9.333,4.333,56.667,2.0,4.0,2.0,1.233,8.0,3.667,43.333,2.333,8.0,1.0,0.107,0.231,0.25,0.545
-0.25,2.05,1.88,2.3,3.2,3.25,2020-11-08T14:00:00.000Z,8197,8602,True,1,0,2,1.0,0.824,12.6,3.6,50.0,1.0,18.6,1.0,1.048,10.8,3.0,50.0,1.2,19.6,2.0,0.079,0.278,0.093,0.333,2.0,1.52,7.6,4.4,44.8,2.4,17.8,1.4,1.292,12.6,4.6,55.2,1.8,24.0,1.8,0.263,0.455,0.111,0.304
-0.75,2.05,1.88,1.85,4,3.8,2020-11-22T19:15:00.000Z,8197,8650,False,0,3,0,1.2,1.342,8.2,3.6,49.2,2.0,17.8,1.0,1.284,11.0,4.0,50.8,1.6,24.0,1.8,0.146,0.333,0.091,0.25,1.8,1.916,14.4,5.8,61.4,3.2,35.6,2.4,1.434,10.6,4.6,38.6,2.6,19.8,1.6,0.125,0.31,0.226,0.522
0.5,1.96,1.97,3.8,3.5,1.95,2020-12-06T14:15:00.000Z,8197,8657,False,2,1,2,1.4,1.656,10.6,4.0,47.6,2.8,17.2,1.2,1.838,13.0,5.6,52.4,3.0,23.0,1.8,0.132,0.35,0.092,0.214,0.4,1.3,10.4,3.2,41.0,2.4,20.6,1.8,1.92,17.0,6.2,59.0,3.0,31.4,0.0,0.038,0.125,0.106,0.29
-0.25,1.83,2.1,2.05,3.5,3.6,2020-12-20T14:15:00.000Z,8197,8586,False,2,0,2,1.2,1.316,13.8,3.8,59.4,2.0,23.4,1.6,1.61,12.2,5.8,40.6,2.8,17.6,1.2,0.087,0.316,0.131,0.276,1.2,0.656,7.2,2.8,37.0,1.6,10.0,0.6,1.106,15.8,5.2,63.0,0.8,33.8,1.6,0.167,0.429,0.038,0.115
0.25,1.85,2.08,2.9,3.6,2.3,2020-12-26T12:30:00.000Z,8197,10260,True,2,2,1,3.0,2.0,16.4,7.4,51.8,4.0,20.6,1.4,1.424,13.4,4.6,48.2,2.6,24.8,2.6,0.183,0.405,0.104,0.304,1.6,1.344,15.0,3.8,59.4,1.6,25.4,1.0,1.104,9.0,3.8,40.6,1.6,16.2,1.8,0.107,0.421,0.111,0.263
1,1.9,2,5.25,4.2,1.61,2021-01-03T14:15:00.000Z,8197,10261,False,2,1,2,1.6,1.394,14.6,3.4,56.0,1.4,22.8,1.0,1.046,8.8,3.6,44.0,1.8,15.0,1.6,0.11,0.471,0.114,0.278,1.0,0.91,9.8,4.0,35.6,1.0,15.2,1.8,1.746,14.2,5.4,64.4,3.0,29.8,1.0,0.102,0.25,0.127,0.333
-0.75,1.96,1.97,1.8,3.75,4.5,2021-01-16T20:00:00.000Z,8197,8466,True,2,0,2,0.4,0.616,8.0,2.8,52.4,1.2,16.0,0.4,0.982,11.0,2.8,47.6,1.2,26.6,1.2,0.05,0.143,0.036,0.143,1.4,1.206,13.4,2.8,56.6,1.2,20.6,1.2,0.968,8.0,3.2,43.4,1.6,15.4,1.6,0.104,0.5,0.15,0.375
0.25,1.93,1.97,3.5,3.4,2.1,2021-02-07T14:00:00.000Z,8197,8602,False,0,0,1,1.6,1.598,14.0,6.0,48.2,2.4,21.6,0.8,0.892,8.2,3.6,51.8,1.2,17.8,2.0,0.114,0.267,0.098,0.222,1.0,0.928,11.2,4.0,50.0,1.4,18.8,1.4,1.166,10.2,3.6,50.0,1.4,21.4,0.8,0.089,0.25,0.137,0.389
0.5,2,1.93,3.5,3.4,2.1,2021-02-13T12:30:00.000Z,8197,8650,True,3,1,2,1.4,1.648,14.8,4.4,61.6,2.2,29.8,1.6,1.364,7.6,3.4,38.4,1.6,15.0,1.2,0.095,0.318,0.211,0.471,1.2,1.318,13.4,5.6,50.0,2.0,21.0,0.8,1.01,9.2,3.2,50.0,1.4,17.6,1.6,0.09,0.214,0.087,0.25
-1,2.01,1.92,1.5,4.2,6.5,2021-03-14T14:00:00.000Z,8197,8657,True,5,0,2,0.2,0.788,7.4,2.6,41.4,1.8,14.4,1.6,2.008,15.0,7.0,58.6,3.4,26.8,0.6,0.027,0.077,0.107,0.229,1.8,1.078,11.8,4.8,51.2,2.0,17.0,1.4,1.65,11.4,3.8,48.8,2.0,23.8,2.0,0.153,0.375,0.123,0.368
0.75,1.96,1.97,6,4.2,1.53,2021-04-03T16:30:00.000Z,8197,8456,True,0,2,0,2.8,1.984,16.0,7.2,62.6,3.2,35.6,1.2,1.2,7.4,3.2,37.4,1.6,13.2,2.4,0.175,0.389,0.162,0.375,2.2,1.508,13.4,5.6,58.0,2.8,19.6,1.2,1.304,8.6,3.0,42.0,1.6,18.0,2.0,0.164,0.393,0.14,0.4
0.25,1.84,2.09,3,3.3,2.37,2021-04-11T13:05:00.000Z,8197,8654,False,2,3,0,1.8,1.342,11.2,4.6,56.8,2.6,17.0,1.4,1.296,8.6,3.4,43.2,1.8,19.2,1.4,0.161,0.391,0.163,0.412,1.8,1.598,11.2,3.8,36.2,2.6,18.6,1.6,1.388,15.6,4.2,63.8,2.0,26.6,1.4,0.161,0.474,0.103,0.381
-0.75,1.85,2.08,1.53,3.8,6,2021-04-22T19:00:00.000Z,8197,8659,True,3,0,2,1.6,1.684,13.0,4.0,46.2,2.4,25.8,0.8,1.278,11.6,4.8,53.8,1.8,24.8,1.4,0.123,0.4,0.069,0.167,2.0,1.448,12.6,5.0,60.8,2.4,23.2,1.4,0.984,7.0,3.4,39.2,1.8,16.8,1.4,0.159,0.4,0.2,0.412
0.5,2.02,1.91,3.8,3.8,1.9,2021-04-30T19:00:00.000Z,8197,8466,False,1,1,1,2.4,1.75,13.8,5.8,64.0,3.0,26.2,1.2,0.732,4.8,2.2,36.0,1.4,11.2,1.8,0.174,0.414,0.25,0.545,1.4,1.386,13.6,5.6,50.4,2.0,24.6,2.8,1.864,11.8,6.0,49.6,3.0,29.0,0.6,0.103,0.25,0.237,0.467
-1.25,1.95,1.98,1.4,4.75,8,2021-05-07T19:00:00.000Z,8197,10261,True,2,4,0,1.6,1.772,12.0,4.8,38.0,2.6,20.52,1.6,2.206,18.4,5.8,62.0,2.8,29.48,1.6,0.133,0.333,0.087,0.276,1.6,1.344,14.6,5.6,63.8,2.0,25.8,1.4,0.906,5.6,2.8,36.2,1.6,13.64,1.4,0.11,0.286,0.25,0.5
0.5,1.9,2.03,2.5,3.4,2.8,2021-05-11T17:00:00.000Z,8197,10260,False,2,1,2,2.0,1.734,18.6,7.0,68.6,2.6,29.84,1.8,1.152,6.2,3.2,31.4,2.2,10.28,1.4,0.108,0.286,0.29,0.562,2.2,1.842,15.6,6.8,59.0,2.8,32.04,0.8,0.732,8.8,3.4,41.0,1.2,17.64,2.6,0.141,0.324,0.091,0.235
-2,2.01,1.92,1.22,6.5,12,2020-10-24T19:00:00.000Z,8650,8657,True,2,1,2,0.4,1.042,8.6,3.0,39.4,1.4,12.4,1.4,1.126,13.4,5.2,60.6,1.6,11.2,0.2,0.047,0.133,0.104,0.269,2.6,2.404,19.4,7.2,60.8,3.6,17.0,2.6,1.288,8.8,5.0,39.2,2.6,8.6,2.0,0.134,0.361,0.295,0.52
-1.25,1.91,1.99,1.36,5.25,7.5,2020-10-31T17:30:00.000Z,8650,8654,True,2,1,2,2.4,1.726,12.4,4.4,36.6,2.0,16.0,1.2,0.962,9.4,3.6,63.4,1.4,17.2,1.6,0.194,0.545,0.128,0.333,2.2,2.31,18.4,7.0,63.4,4.0,24.4,2.2,1.538,10.2,4.8,36.6,3.0,15.0,2.0,0.12,0.314,0.216,0.458
-0.5,1.95,1.98,1.95,4.2,3.4,2020-11-08T16:30:00.000Z,8650,8456,False,1,1,1,2.2,2.216,16.6,6.8,65.6,3.8,31.0,2.4,1.402,10.0,4.8,34.4,2.8,16.6,2.0,0.133,0.324,0.24,0.5,1.2,1.2,16.4,5.4,62.6,1.6,32.8,1.4,1.39,7.8,4.0,37.4,2.2,14.8,1.6,0.073,0.222,0.179,0.35
-1,2.01,1.92,1.5,4.33,6.5,2020-12-06T19:15:00.000Z,8650,8602,True,4,0,2,1.2,1.228,14.0,4.8,49.4,1.8,23.2,0.8,1.086,9.2,2.2,50.6,1.4,19.0,1.6,0.086,0.25,0.087,0.364,1.8,1.732,13.2,5.6,59.0,3.0,27.8,0.8,1.418,9.2,2.8,41.0,2.0,18.8,2.2,0.136,0.321,0.087,0.286
-2.5,2.04,1.89,1.11,10,19,2020-12-27T16:30:00.000Z,8650,8659,True,1,1,1,0.8,0.62,9.0,3.0,42.0,0.6,11.6,2.2,2.036,19.2,7.2,58.0,3.0,35.8,0.8,0.089,0.267,0.115,0.306,3.0,1.36,12.0,6.6,67.4,2.0,23.8,0.6,1.128,8.6,3.2,32.6,2.4,16.4,2.2,0.25,0.455,0.07,0.187
1.75,1.87,2.06,12,6,1.25,2020-12-30T20:00:00.000Z,8650,10261,False,0,0,1,3.0,1.62,14.2,6.6,71.0,2.4,29.8,0.6,0.784,7.4,3.2,29.0,2.2,14.4,2.2,0.211,0.455,0.081,0.187,1.4,1.072,11.0,5.0,38.8,1.2,15.6,1.8,1.588,14.4,5.2,61.2,2.6,29.2,1.4,0.127,0.28,0.125,0.346
1.25,1.77,2.02,5,4.33,1.61,2021-01-04T20:00:00.000Z,8650,8466,False,0,1,0,2.2,1.66,14.2,6.2,73.4,2.6,31.8,0.6,0.8,7.2,3.0,26.6,2.4,13.0,1.8,0.155,0.355,0.083,0.2,0.8,0.936,9.8,3.4,59.4,1.8,20.4,0.4,0.74,8.2,2.6,40.6,0.8,16.8,1.2,0.082,0.235,0.049,0.154
-0.5,1.96,1.94,1.95,3.8,3.6,2021-01-17T16:30:00.000Z,8650,10260,True,0,0,1,2.4,2.032,15.6,7.4,51.4,3.8,30.0,1.0,1.096,12.4,3.2,48.6,1.6,21.2,2.6,0.154,0.324,0.081,0.312,2.0,1.602,15.2,5.2,71.8,2.4,37.6,0.6,0.58,6.6,2.6,28.2,1.8,9.8,1.6,0.132,0.385,0.091,0.231
0.5,1.88,2.05,3.2,3.6,2.2,2021-01-28T20:00:00.000Z,8650,8586,False,3,1,2,0.2,1.45,17.8,3.2,71.2,1.8,44.0,0.6,0.728,6.8,3.2,28.8,1.4,11.6,0.6,0.011,0.062,0.088,0.187,1.6,1.458,12.6,4.8,49.6,2.8,25.4,1.0,1.13,15.2,4.8,50.4,1.0,25.4,1.6,0.127,0.333,0.066,0.208
0.5,1.77,2.02,4.33,4,1.75,2021-01-31T16:30:00.000Z,8650,8654,False,3,1,2,0.6,1.634,17.2,4.2,65.6,2.2,42.2,0.6,0.644,6.4,3.0,34.4,1.0,11.8,1.0,0.035,0.143,0.094,0.2,1.4,1.848,13.0,5.0,45.4,2.6,23.4,0.6,0.532,8.0,2.4,54.6,0.6,19.0,2.6,0.108,0.28,0.075,0.25
0.25,1.92,2.01,3.4,3.6,2.05,2021-02-07T16:30:00.000Z,8650,8456,True,1,4,0,2.8,1.926,16.4,6.6,73.6,2.4,38.8,0.0,0.306,4.6,1.2,26.4,0.2,10.6,3.0,0.171,0.424,0.0,0.0,1.2,1.64,16.6,4.4,63.6,2.2,34.6,0.8,0.896,7.6,3.2,36.4,1.0,14.8,1.4,0.072,0.273,0.105,0.25
1.5,1.88,2.05,8,5,1.36,2021-02-28T19:15:00.000Z,8650,8657,False,2,0,2,1.0,1.472,12.6,3.8,63.8,2.0,26.6,2.2,1.846,9.8,4.6,36.2,3.0,14.8,0.6,0.079,0.263,0.224,0.478,0.6,0.75,7.6,3.4,42.6,1.2,18.6,1.6,1.572,11.0,5.6,57.4,2.6,25.6,0.6,0.079,0.176,0.145,0.286
1,1.7,2.1,4.75,3.75,1.72,2021-03-15T20:00:00.000Z,8650,8602,False,1,0,2,0.6,1.402,13.8,4.4,62.2,2.2,28.0,1.4,1.342,9.8,4.4,37.8,2.4,13.8,0.6,0.043,0.136,0.143,0.318,1.0,0.98,11.0,3.2,44.2,1.2,13.8,1.2,1.63,15.0,5.6,55.8,3.0,29.6,1.6,0.091,0.312,0.08,0.214
-2,2.02,1.91,1.22,6.5,12,2021-04-24T11:30:00.000Z,8650,10261,True,1,1,1,1.6,1.83,12.6,4.6,40.6,2.6,18.6,1.8,1.686,15.4,5.4,59.4,2.2,26.4,1.6,0.127,0.348,0.117,0.333,1.4,1.562,16.8,6.2,55.6,2.4,34.8,0.6,1.086,8.8,4.0,44.4,2.0,18.6,2.0,0.083,0.226,0.068,0.15
-1.5,1.9,2.03,1.25,6,11,2021-05-08T19:15:00.000Z,8650,8466,True,2,0,2,1.2,1.234,12.4,5.0,47.8,1.8,27.12,2.0,1.732,13.0,5.8,52.2,2.8,27.12,0.8,0.097,0.24,0.154,0.345,1.6,1.878,18.0,7.4,56.6,3.4,36.2,0.6,1.018,8.2,4.2,43.4,2.2,18.6,2.2,0.089,0.216,0.073,0.143
0.25,1.75,2.05,3,3.75,2.2,2021-05-13T19:15:00.000Z,8650,10260,False,4,2,2,1.8,2.05,18.4,7.8,58.0,4.0,37.36,0.6,1.028,8.6,4.4,42.0,2.4,17.72,2.2,0.098,0.231,0.07,0.136,2.0,1.592,13.4,5.6,58.0,2.0,32.08,1.0,0.68,10.2,3.4,42.0,1.0,18.0,2.0,0.149,0.357,0.098,0.294
2,1.87,2.06,12,6.5,1.22,2021-05-16T15:30:00.000Z,8650,8659,False,2,1,2,2.0,2.126,18.6,8.0,54.6,4.0,38.4,1.0,1.418,11.6,4.6,45.4,3.0,20.04,2.2,0.108,0.25,0.086,0.217,1.4,1.582,10.2,3.2,34.6,2.8,21.0,1.8,1.774,18.0,7.8,65.4,2.0,33.52,1.0,0.137,0.437,0.1,0.231
1.25,1.72,2.07,6.5,4.33,1.5,2020-09-21T19:15:00.000Z,8456,8602,False,3,1,2,0.0,0.0,0.0,0.0,0.0,0.0,0.0,0.0,0.0,0.0,0.0,0.0,0.0,0.0,0.0,0.0,0.0,0.0,0.0,2.0,1.4,11.0,4.0,45.0,3.0,0.0,0.0,1.04,9.0,2.0,55.0,1.0,0.0,3.0,0.182,0.5,0.0,0.0
1.25,1.96,1.97,8,5.25,1.36,2020-10-24T11:30:00.000Z,8456,8654,False,1,1,1,1.75,1.32,16.5,5.25,60.75,2.0,23.75,1.75,1.685,10.0,4.5,39.25,2.75,12.5,1.75,0.106,0.333,0.175,0.389,2.2,1.888,14.2,4.6,42.2,2.0,13.8,1.4,1.08,9.6,2.6,57.8,1.4,10.6,1.4,0.155,0.478,0.146,0.538
1.5,2.05,1.85,9.5,6,1.28,2020-10-31T12:30:00.000Z,8456,8657,False,1,0,2,1.6,1.252,16.0,5.6,62.6,1.8,25.6,1.6,1.404,9.2,4.0,37.4,2.2,12.2,1.6,0.1,0.286,0.174,0.4,0.6,1.148,9.4,3.0,36.0,1.6,18.8,1.4,1.304,14.6,5.4,64.0,2.0,18.6,0.2,0.064,0.2,0.096,0.259
0.75,1.88,2.05,4,4,1.8,2020-11-21T17:30:00.000Z,8456,8586,False,0,2,0,1.0,1.31,14.6,4.8,59.2,1.6,32.4,0.6,1.062,8.4,3.2,40.8,1.6,16.8,1.8,0.068,0.208,0.071,0.187,2.6,1.89,14.0,5.0,55.4,3.4,20.2,1.0,0.994,9.8,2.8,44.6,0.8,20.6,2.6,0.186,0.52,0.102,0.357
0.75,1.99,1.94,4.33,4.2,1.72,2020-12-12T17:30:00.000Z,8456,10260,False,0,0,1,1.8,1.818,15.8,5.2,64.8,2.8,33.6,0.6,0.638,6.4,1.6,35.2,0.8,12.8,2.0,0.114,0.346,0.094,0.375,2.0,1.622,13.6,5.2,54.4,3.2,24.0,1.0,0.924,10.0,3.2,45.6,1.6,18.0,2.4,0.147,0.385,0.1,0.312
-2.5,1.84,2.09,1.09,11,21,2020-12-15T20:00:00.000Z,8456,8659,True,1,1,1,0.6,0.806,11.6,3.4,46.4,0.8,15.8,1.8,1.978,17.4,6.2,53.6,2.8,28.0,0.6,0.052,0.176,0.103,0.29,1.6,1.756,14.4,4.0,62.6,3.0,30.8,0.6,0.668,8.0,1.8,37.4,0.6,12.0,1.6,0.111,0.4,0.075,0.333
1,2.07,1.86,7,4.5,1.44,2020-12-19T15:00:00.000Z,8456,8466,False,1,0,2,1.6,1.916,18.2,5.0,67.0,3.4,37.0,0.6,0.52,7.0,1.4,33.0,0.6,8.6,1.6,0.088,0.32,0.086,0.429,1.8,1.21,11.2,3.8,58.0,2.0,21.0,1.2,1.304,11.8,4.6,42.0,2.4,21.6,1.6,0.161,0.474,0.102,0.261
-1.5,2.05,1.88,1.28,5.75,9.5,2021-02-13T17:30:00.000Z,8456,8586,True,3,0,2,1.2,0.714,9.0,3.8,54.6,1.4,17.4,1.2,1.412,13.0,4.0,45.4,1.6,29.8,1.2,0.133,0.316,0.092,0.3,2.8,2.482,15.4,6.4,68.0,3.2,37.2,0.2,0.532,5.8,1.8,32.0,0.4,12.6,3.0,0.182,0.437,0.034,0.111
-1.5,1.92,2.01,1.22,6.5,12,2021-02-27T12:30:00.000Z,8456,8654,True,2,1,2,1.8,1.32,10.6,5.2,38.6,1.8,18.6,1.0,1.19,14.2,3.6,61.4,1.6,28.4,2.0,0.17,0.346,0.07,0.278,2.6,2.108,13.4,5.4,60.6,3.0,35.2,0.4,0.596,5.4,1.8,39.4,0.4,12.4,3.0,0.194,0.481,0.074,0.222
-1.75,2.05,1.88,1.18,7,15,2021-03-02T20:00:00.000Z,8456,8602,True,4,1,2,1.2,1.112,12.6,4.2,48.2,1.4,18.0,0.6,1.154,13.2,4.6,51.8,2.2,24.6,2.2,0.095,0.286,0.045,0.13,2.6,1.796,12.8,4.8,58.4,2.6,33.8,0.6,0.968,6.8,2.4,41.6,1.0,13.4,3.0,0.203,0.542,0.088,0.25
-1,1.88,2.05,1.45,4.5,7,2021-03-07T16:30:00.000Z,8456,10260,True,0,2,0,1.4,1.07,12.2,4.8,62.4,1.0,24.0,1.0,0.972,9.8,4.0,37.6,1.4,13.6,1.4,0.115,0.292,0.102,0.25,2.6,1.772,15.6,5.8,64.0,2.6,41.6,0.6,0.794,6.4,2.0,36.0,0.8,11.0,3.0,0.167,0.448,0.094,0.3
-2,2.07,1.83,1.18,7.5,15,2021-03-10T18:00:00.000Z,8456,8466,True,5,2,2,0.8,0.954,9.6,3.4,47.0,2.0,16.6,1.4,1.114,9.0,3.4,53.0,1.8,19.0,0.8,0.083,0.235,0.156,0.412,2.0,1.58,17.2,5.8,65.2,2.4,40.2,1.0,1.076,6.6,2.6,34.8,1.4,12.8,2.4,0.116,0.345,0.152,0.385
1.5,1.99,1.94,11,6,1.25,2021-05-14T19:00:00.000Z,8456,10261,False,4,3,2,1.6,1.688,17.8,4.2,63.4,2.0,37.44,1.0,0.548,7.2,3.2,36.6,0.6,9.76,1.8,0.09,0.381,0.139,0.312,2.0,1.502,10.4,4.8,36.2,2.6,17.24,1.6,2.124,21.2,6.6,63.8,2.8,31.24,2.0,0.192,0.417,0.075,0.242
-0.25,1.77,2.02,1.85,3.8,4,2020-10-04T15:30:00.000Z,10260,8586,True,1,6,0,2.0,2.057,13.667,7.667,55.333,3.333,12.333,1.333,1.443,11.667,4.0,44.667,2.0,4.667,1.333,0.146,0.261,0.114,0.333,2.0,1.39,12.0,3.5,61.5,2.0,9.0,2.5,2.105,16.0,5.0,38.5,3.5,15.0,1.5,0.167,0.571,0.156,0.5
0.75,1.97,1.93,4.75,4,1.66,2020-10-17T19:00:00.000Z,10260,10261,False,4,1,2,1.667,1.243,9.667,3.0,53.667,1.667,11.0,3.667,2.573,18.0,6.0,46.333,4.667,18.333,1.0,0.172,0.556,0.204,0.611,1.5,1.232,9.25,2.0,42.75,1.5,8.75,1.25,1.562,14.5,6.0,57.25,1.5,16.75,1.75,0.162,0.75,0.086,0.208
-1.5,1.98,1.95,1.3,5.5,9.5,2020-11-21T20:00:00.000Z,10260,8659,True,1,0,2,0.2,0.534,9.8,2.8,48.0,0.2,17.8,1.2,1.234,11.8,5.0,52.0,1.8,18.4,0.4,0.02,0.071,0.102,0.24,1.6,1.168,13.6,5.4,50.0,1.4,24.4,1.8,1.204,9.8,3.2,50.0,1.8,17.2,1.4,0.118,0.296,0.184,0.562
0.5,1.95,1.95,4,3.5,1.95,2020-11-29T14:00:00.000Z,10260,8466,False,3,2,2,1.6,1.456,16.0,6.4,55.0,1.8,27.6,0.6,0.63,6.8,2.0,45.0,0.6,14.0,2.0,0.1,0.25,0.088,0.3,2.4,1.004,11.4,5.2,52.2,1.0,18.0,1.4,1.19,12.0,5.6,47.8,1.6,23.8,2.2,0.211,0.462,0.117,0.25
0.25,2.03,1.9,3.6,3.6,2,2020-12-05T17:30:00.000Z,10260,8654,False,3,1,2,1.4,1.42,13.4,4.8,52.2,2.6,24.8,0.8,0.552,7.4,2.2,47.8,0.4,14.2,2.0,0.104,0.292,0.108,0.364,1.2,0.882,9.4,3.4,38.8,0.8,16.6,0.8,1.56,12.2,5.2,61.2,2.0,26.2,2.0,0.128,0.353,0.066,0.154
1.25,1.94,1.99,7,4.6,1.44,2020-12-17T20:00:00.000Z,10260,8657,False,3,2,2,2.0,1.67,14.2,5.2,53.0,3.2,20.8,0.8,0.982,10.4,3.2,47.0,2.0,19.4,2.6,0.141,0.385,0.077,0.25,0.4,1.0,8.6,2.8,38.8,1.8,15.4,2.2,1.816,16.2,5.6,61.2,2.8,27.2,0.0,0.047,0.143,0.136,0.393
-1,1.96,1.97,1.53,4.2,6.25,2020-12-29T20:00:00.000Z,10260,8602,True,1,0,2,0.8,0.874,12.6,4.6,50.6,0.6,22.0,1.8,1.15,10.6,3.6,49.4,1.4,24.8,0.8,0.063,0.174,0.17,0.5,2.8,1.92,15.2,7.0,51.0,3.8,18.2,1.4,1.514,13.4,4.0,49.0,2.8,25.2,2.2,0.184,0.4,0.104,0.35
1.75,1.75,2.05,10,5.5,1.3,2021-02-14T14:00:00.000Z,10260,8659,False,1,1,1,3.0,2.19,16.6,6.2,66.4,3.4,32.4,1.2,0.942,8.6,3.0,33.6,1.0,12.0,1.6,0.181,0.484,0.14,0.4,0.8,0.826,5.4,2.2,33.4,1.6,15.8,2.6,1.616,14.2,6.4,66.6,2.6,26.8,0.2,0.148,0.364,0.183,0.406
-1.25,1.84,2.09,1.28,5.5,10,2021-02-21T19:00:00.000Z,10260,10261,True,3,1,2,1.4,1.24,14.4,4.2,40.4,1.6,20.6,1.6,1.154,11.6,3.8,59.6,1.4,26.6,1.2,0.097,0.333,0.138,0.421,2.8,1.944,15.6,6.6,68.6,2.8,34.8,1.2,0.966,7.6,2.6,31.4,1.2,11.2,1.2,0.179,0.424,0.158,0.462
-0.75,2,1.8,1.83,3.6,4.33,2021-03-14T19:15:00.000Z,10260,8654,True,1,0,2,1.6,1.57,10.0,4.4,37.6,2.6,17.4,0.6,1.026,15.0,3.2,62.4,1.4,26.6,2.0,0.16,0.364,0.04,0.187,1.2,1.06,11.0,5.0,56.8,1.0,22.6,0.4,0.93,13.2,4.6,43.2,1.2,18.2,1.8,0.109,0.24,0.03,0.087
0.25,1.83,2.1,2.87,3.4,2.45,2021-04-11T15:30:00.000Z,10260,8586,False,3,1,2,1.0,1.22,12.0,4.4,51.8,1.8,22.4,0.2,1.002,12.2,3.4,48.2,1.4,20.0,2.2,0.083,0.227,0.016,0.059,2.0,1.822,9.4,3.6,52.0,2.4,17.8,1.0,1.478,11.8,2.8,48.0,1.8,23.2,2.0,0.213,0.556,0.085,0.357
-0.5,2.03,1.87,2.15,3.4,3.4,2020-09-12T19:00:00.000Z,10261,8654,False,2,0,2,0.0,0.0,0.0,0.0,0.0,0.0,0.0,0.0,0.0,0.0,0.0,0.0,0.0,0.0,0.0,0.0,0.0,0.0,0.0,0.0,0.0,0.0,0.0,0.0,0.0,0.0,0.0,0.0,0.0,0.0,0.0,0.0,0.0,0.0,0.0,0.0,0.0,0.0
-1.25,1.93,1.97,1.45,4.5,7,2020-09-27T13:00:00.000Z,10261,8586,False,1,1,1,1.0,1.045,10.5,1.0,44.5,1.0,0.0,1.5,1.435,14.0,4.5,55.5,1.0,0.0,1.5,0.095,1.0,0.107,0.333,2.5,1.61,9.0,5.5,50.0,3.0,0.0,1.5,1.66,14.5,5.5,50.0,2.5,0.0,1.5,0.278,0.455,0.103,0.273
-0.5,1.84,2.09,1.75,3.5,5.25,2020-10-25T16:30:00.000Z,10261,8602,False,1,1,1,1.4,1.156,8.8,2.4,41.4,1.4,9.8,1.8,1.708,17.2,7.6,58.6,1.6,21.8,1.4,0.159,0.583,0.105,0.237,1.0,0.82,10.6,3.0,44.4,1.2,9.6,1.4,1.45,12.2,4.4,55.6,1.8,14.4,1.8,0.094,0.333,0.115,0.318
-0.25,1.91,2.02,2,3.6,3.7,2020-11-06T20:00:00.000Z,10261,8466,False,0,2,0,1.6,1.386,7.8,3.2,38.6,1.8,14.2,1.6,1.566,17.8,7.2,61.4,1.4,30.0,1.6,0.205,0.5,0.09,0.222,2.4,1.026,10.6,4.8,50.8,1.0,17.0,1.2,0.954,10.2,4.2,49.2,1.2,23.8,2.6,0.226,0.5,0.118,0.286
-0.25,2.11,1.82,2.45,3.2,3,2020-12-12T15:00:00.000Z,10261,8659,True,2,1,2,0.4,0.778,11.0,3.0,46.2,0.8,17.0,1.8,2.106,17.6,6.0,53.8,3.0,27.4,0.6,0.036,0.133,0.102,0.3,1.0,1.04,8.4,3.2,37.2,1.2,10.0,1.2,0.994,14.4,4.2,62.8,1.2,23.6,1.4,0.119,0.312,0.083,0.286
-0.25,1.99,1.94,2.45,3.1,3.1,2021-01-12T18:00:00.000Z,10261,8657,False,0,1,0,0.8,0.848,9.0,3.0,35.2,0.8,13.8,2.0,1.744,13.4,5.4,64.8,3.2,31.6,0.4,0.089,0.267,0.149,0.37,0.6,0.884,8.2,3.2,45.8,0.8,17.4,1.6,1.42,11.4,4.8,54.2,2.2,21.0,0.2,0.073,0.187,0.14,0.333
0.25,2.05,1.88,3.5,3.2,2.2,2021-02-27T20:00:00.000Z,10261,8602,True,1,1,1,1.0,0.958,11.0,4.2,48.4,1.2,16.0,0.6,1.1,11.6,3.6,51.6,2.0,22.6,2.0,0.091,0.238,0.052,0.167,1.4,1.036,12.0,4.4,37.6,1.4,19.0,1.8,1.362,12.8,4.8,62.4,1.8,27.0,1.2,0.117,0.318,0.141,0.375
-0.25,1.97,1.96,2.37,3.2,3.1,2021-03-07T12:00:00.000Z,10261,8659,False,0,0,1,1.2,1.042,13.2,5.2,39.4,1.2,22.2,2.0,1.434,13.4,5.0,60.6,2.2,27.2,0.8,0.091,0.231,0.149,0.4,0.4,1.002,7.6,2.4,35.4,1.8,14.4,0.8,1.288,11.0,4.6,64.6,2.2,25.4,1.0,0.053,0.167,0.073,0.174
0.75,2.05,1.88,5.5,4,1.6,2021-04-04T13:05:00.000Z,10261,8586,True,2,2,1,2.4,1.714,10.4,4.0,51.8,2.4,16.4,0.6,0.804,9.4,2.2,48.2,0.8,19.8,2.4,0.231,0.6,0.064,0.273,0.6,0.824,10.6,4.4,41.4,1.0,18.2,1.6,1.334,13.6,5.2,58.6,1.8,25.4,0.6,0.057,0.136,0.118,0.308
0.25,2.01,1.92,3.5,3.5,2.05,2021-04-17T11:30:00.000Z,10261,8654,True,3,2,2,2.2,1.376,10.2,4.0,36.0,2.4,17.4,1.6,1.476,16.6,4.6,64.0,1.8,31.8,2.0,0.216,0.55,0.096,0.348,1.0,1.47,11.2,4.0,43.0,2.0,19.8,1.4,1.692,14.8,4.8,57.0,1.8,27.8,1.2,0.089,0.25,0.095,0.292
0.25,1.7,2.1,3.25,3.1,2.37,2020-09-14T17:00:00.000Z,8657,8602,True,0,2,0,0.0,0.0,0.0,0.0,0.0,0.0,0.0,0.0,0.0,0.0,0.0,0.0,0.0,0.0,0.0,0.0,0.0,0.0,0.0,0.0,0.0,0.0,0.0,0.0,0.0,0.0,0.0,0.0,0.0,0.0,0.0,0.0,0.0,0.0,0.0,0.0,0.0,0.0
0.25,1.7,2.1,3,3.25,2.4,2020-11-22T14:00:00.000Z,8657,8654,True,0,1,0,1.8,1.15,10.6,4.4,38.0,1.0,18.6,1.2,1.334,10.2,4.2,62.0,1.8,25.4,1.6,0.17,0.409,0.118,0.286,0.8,0.866,7.6,2.8,36.2,1.4,16.8,2.0,1.64,14.8,6.6,63.8,2.8,28.6,0.2,0.105,0.286,0.135,0.303
0,1.83,2.07,2.6,3.2,2.8,2020-11-28T20:00:00.000Z,8657,8659,False,0,1,0,0.6,1.006,8.2,3.4,39.2,1.8,16.8,1.8,1.96,16.6,6.2,60.8,3.0,31.8,0.2,0.073,0.176,0.108,0.29,0.2,0.624,10.2,2.8,47.8,0.4,17.8,1.0,1.466,12.6,5.0,52.2,2.2,20.2,0.4,0.02,0.071,0.079,0.2
-1,2.02,1.77,1.7,3.75,5,2020-12-13T12:00:00.000Z,8657,8466,False,0,3,0,0.4,1.034,8.6,3.0,39.4,2.0,16.6,1.8,1.746,16.2,6.0,60.6,2.4,29.0,0.0,0.047,0.133,0.111,0.3,2.2,0.87,10.2,4.4,52.4,1.0,16.4,1.6,1.576,14.0,6.2,47.6,3.0,25.6,2.0,0.216,0.5,0.114,0.258
0.75,1.83,2.07,6.25,3.75,1.6,2021-01-17T14:00:00.000Z,8657,8586,True,1,3,0,1.2,1.498,11.4,4.2,42.8,3.2,21.6,1.2,1.154,15.6,6.0,57.2,0.8,30.2,1.0,0.105,0.286,0.077,0.2,0.4,1.01,9.2,2.8,51.0,1.0,19.8,1.0,1.162,9.8,3.6,49.0,1.6,20.0,0.8,0.043,0.143,0.102,0.278
-0.5,2.07,1.86,1.66,3.75,5.25,2021-02-15T18:00:00.000Z,8657,8654,False,0,3,0,1.2,0.796,9.2,3.6,38.0,0.6,17.0,1.6,1.354,11.4,4.2,62.0,2.2,26.6,1.2,0.13,0.333,0.14,0.381,1.8,1.7,13.4,5.2,44.2,2.4,19.8,1.4,1.076,11.0,2.8,55.8,1.6,23.6,2.0,0.134,0.346,0.127,0.5
0.5,1.75,2.05,3.6,3.5,2,2021-03-06T15:00:00.000Z,8657,8466,True,0,2,0,0.8,0.838,9.4,3.0,52.0,1.8,18.4,2.0,1.106,8.6,3.8,48.0,1.6,18.6,0.2,0.085,0.267,0.233,0.526,0.4,0.772,7.4,2.8,37.4,1.6,15.0,1.6,1.946,13.8,6.2,62.6,3.4,26.6,0.6,0.054,0.143,0.116,0.258
-0.75,2,1.8,1.66,3.5,5.75,2021-04-17T19:15:00.000Z,8657,8602,False,0,1,0,0.4,0.63,6.8,1.4,39.6,0.8,9.8,2.4,2.474,17.4,6.8,60.4,4.0,29.6,0.6,0.059,0.286,0.138,0.353,0.8,1.144,10.6,3.2,49.6,1.8,16.0,1.6,1.376,13.2,4.8,50.4,2.2,28.4,0.8,0.075,0.25,0.121,0.333
-1.5,2.01,1.92,1.25,6,12,2021-05-02T18:15:00.000Z,8657,8586,False,0,4,0,0.4,0.548,6.4,1.6,40.6,0.6,11.0,2.2,2.256,16.6,6.4,59.4,3.6,27.0,0.6,0.062,0.25,0.133,0.344,1.8,1.628,11.2,3.4,53.0,1.8,23.4,1.6,1.828,14.0,5.2,47.0,2.4,23.2,1.6,0.161,0.529,0.114,0.308
0.25,1.97,1.96,3,3.3,2.37,2020-09-20T11:00:00.000Z,8466,8586,True,2,5,0,0.0,1.13,9.0,5.0,52.0,2.0,0.0,1.0,1.2,15.0,4.0,48.0,2.0,0.0,0.0,0.0,0.0,0.067,0.25,0.0,0.89,9.0,5.0,71.0,2.0,0.0,1.0,1.11,5.0,3.0,29.0,3.0,0.0,0.0,0.0,0.0,0.2,0.333
-0.25,2.03,1.9,2.3,3.25,3.25,2020-11-23T20:00:00.000Z,8466,8602,False,1,1,1,2.6,1.048,12.6,6.2,53.6,0.8,18.6,1.2,0.918,9.0,4.2,46.4,1.2,19.6,2.6,0.206,0.419,0.133,0.286,1.0,0.898,12.0,3.6,47.4,1.2,18.4,0.4,0.968,9.8,2.2,52.6,1.0,18.2,2.0,0.083,0.278,0.041,0.182
-0.25,1.96,1.97,2.37,3.2,3.1,2021-02-14T12:00:00.000Z,8466,8602,True,1,2,0,0.8,1.014,11.4,3.6,48.2,1.6,19.4,1.0,1.208,11.8,3.6,51.8,1.4,23.8,1.0,0.07,0.222,0.085,0.278,0.6,1.036,11.6,3.8,54.0,1.8,24.2,3.6,2.068,12.6,6.4,46.0,3.4,28.0,0.0,0.052,0.158,0.286,0.562
0.25,2.05,1.75,3.6,3.3,2.1,2021-04-12T17:00:00.000Z,8466,8659,False,0,3,0,1.6,1.4,13.6,5.4,51.2,2.4,24.0,2.0,1.362,9.4,4.8,48.8,2.4,20.2,1.2,0.118,0.296,0.213,0.417,1.2,1.25,11.2,3.2,44.2,1.4,20.8,0.8,1.548,11.8,5.2,55.8,2.4,23.0,1.4,0.107,0.375,0.068,0.154
-0.5,1.88,2.05,1.75,3.8,4.5,2021-04-21T17:00:00.000Z,8466,8586,False,1,2,0,1.6,1.608,14.6,6.0,52.6,2.2,27.6,2.4,1.722,11.0,5.8,47.4,3.2,24.6,1.2,0.11,0.267,0.218,0.414,1.6,1.416,10.0,3.4,50.0,1.6,17.6,1.8,2.018,14.6,4.8,50.0,2.4,25.8,1.0,0.16,0.471,0.123,0.375
-0.75,1.77,2.14,1.57,4.33,5.5,2020-10-18T15:30:00.000Z,8586,8654,True,3,3,1,2.0,1.885,14.5,4.75,40.5,2.25,10.0,1.0,0.927,9.25,1.75,59.5,1.0,10.0,1.5,0.138,0.421,0.108,0.571,3.0,2.42,15.75,7.75,57.0,4.25,15.5,1.25,1.32,10.0,3.5,43.0,1.75,7.25,1.75,0.19,0.387,0.125,0.357
1,2.15,1.79,7,4.33,1.45,2020-11-08T12:00:00.000Z,8586,8659,False,1,0,2,2.6,2.1,14.8,6.4,56.8,3.6,23.2,1.2,1.034,8.6,2.6,43.2,0.8,18.6,2.2,0.176,0.406,0.14,0.462,0.8,0.488,9.2,3.0,44.6,0.2,15.2,1.6,1.262,12.4,6.0,55.4,1.8,21.2,0.6,0.087,0.267,0.129,0.267
0.25,2.04,1.89,3.6,3.25,2.15,2020-12-27T19:15:00.000Z,8586,8602,False,1,1,1,0.8,0.662,8.0,3.0,41.4,1.4,13.6,1.0,1.154,14.8,5.0,58.6,0.6,30.0,1.0,0.1,0.267,0.068,0.2,1.0,1.058,12.6,4.4,48.4,1.0,20.8,1.8,1.378,12.0,3.4,51.6,1.8,29.4,1.2,0.079,0.227,0.15,0.529
-1.25,1.91,2.02,1.45,4.5,7,2021-02-07T12:00:00.000Z,8586,8659,True,2,0,2,1.4,1.19,7.0,3.0,33.0,2.0,16.4,2.6,1.62,16.2,6.4,67.0,2.2,29.2,0.8,0.2,0.467,0.16,0.406,1.0,0.932,9.4,3.8,51.8,2.0,17.6,1.4,1.516,15.2,4.6,48.2,1.6,31.0,0.8,0.106,0.263,0.092,0.304
0.25,1.88,2.05,2.62,3.4,2.7,2021-02-21T12:00:00.000Z,8586,8654,False,1,2,0,0.6,0.59,7.6,3.4,51.0,1.0,13.6,1.6,1.69,13.0,4.2,49.0,2.0,36.0,0.6,0.079,0.176,0.123,0.381,2.0,1.678,13.2,5.8,41.6,2.4,19.6,1.2,1.116,11.4,3.4,58.4,1.8,25.2,2.0,0.152,0.345,0.105,0.353
-1,1.97,1.96,1.5,4.33,6.5,2021-05-16T13:05:00.000Z,8586,8602,True,2,0,2,1.0,0.832,13.0,5.2,55.2,0.4,15.48,1.2,0.962,10.2,3.8,44.8,1.4,21.24,2.0,0.077,0.192,0.118,0.316,2.0,1.36,13.4,4.6,53.8,1.6,22.8,1.8,1.542,12.8,5.4,46.2,1.8,22.4,1.4,0.149,0.435,0.141,0.333
-0.75,1.83,2.1,1.6,3.5,7,2021-01-16T12:30:00.000Z,8659,8602,False,3,2,2,0.4,0.5,4.4,1.8,28.0,1.2,8.6,2.8,2.21,19.4,7.4,72.0,3.2,39.0,0.4,0.091,0.222,0.144,0.378,1.2,1.022,11.6,4.2,52.0,1.0,19.6,1.8,1.278,9.0,3.4,48.0,1.8,21.4,0.4,0.103,0.286,0.2,0.529
-1,1.88,2.02,1.57,4.2,5.5,2021-01-19T18:00:00.000Z,8659,8654,False,1,2,0,0.8,0.882,5.8,2.6,29.8,1.6,11.0,3.0,2.068,18.8,7.2,70.2,2.8,37.0,0.8,0.138,0.308,0.16,0.417,0.8,1.198,10.2,3.2,42.4,1.4,26.0,1.0,0.944,10.4,3.6,57.6,1.8,20.8,1.6,0.078,0.25,0.096,0.278
0,1.78,2.16,2.9,3.2,2.5,2021-05-03T17:00:00.000Z,8659,8602,True,1,1,1,0.8,1.056,11.8,4.0,55.2,1.4,18.6,1.6,1.086,11.4,4.4,44.8,1.8,21.4,1.2,0.068,0.2,0.14,0.364,2.0,1.484,11.0,3.8,37.4,2.2,20.0,1.6,2.046,15.8,6.8,62.6,3.0,31.6,1.4,0.182,0.526,0.101,0.235
0.25,1.92,1.98,3.6,3.5,2.05,2020-09-27T18:00:00.000Z,8654,8602,True,4,0,2,1.5,0.98,10.5,2.5,40.0,2.0,0.0,1.5,1.47,11.5,5.5,60.0,2.0,0.0,1.5,0.143,0.6,0.13,0.273,0.5,1.585,14.5,3.0,47.5,1.5,0.0,2.0,1.34,11.0,2.5,52.5,1.5,0.0,0.0,0.034,0.167,0.182,0.8
0,2.03,1.9,2.87,3.2,2.55,2021-04-05T19:15:00.000Z,8654,8602,False,3,2,2,1.6,1.576,10.2,3.4,35.6,2.4,19.0,1.4,1.172,15.6,4.0,64.4,1.2,27.4,1.4,0.157,0.471,0.09,0.35,0.6,0.962,11.0,3.4,45.0,1.4,15.0,1.2,1.646,16.0,5.8,55.0,2.8,32.2,1.0,0.055,0.176,0.075,0.207
